Hugonia_penicillanthemum
Hugonia_obtusifolia
Hugonia_platysepala
Hugonia_spicata
Hugonia_gabunensis
Hugonia_orientalis
Hugonia_castaneifolia
Hugonia_busseana
Hugonia_longipes
Hugonia_mystax
Linum_stelleroides
Linum_monogynum
Linum_monogynum_subsp._monogynum
Linum_marginale
Linum_bienne
Linum_usitatissimum
Linum_grandiflorum
Linum_narbonense
Linum_nervosum
Linum_pallescens
Linum_austriacum
Linum_perenne
Linum_lewisii
Linum_pubescens
Linum_viscosum
Linum_hirsutum
Linum_hirsutum_subsp._hirsutum
Linum_hypericifolium
Linum_catharticum
Linum_tenue
Linum_trigynum
Linum_maritimum
Linum_nodiflorum
Linum_arboreum
Linum_mucronatum_subsp._gypsicola
Linum_flavum
Linum_campanulatum
Linum_mucronatum_subsp._armenum
Linum_mucronatum_subsp._orientale
Linum_mucronatum_subsp._mucronatum
Linum_album
Linum_suffruticosum
Linum_tenuifolium
Linum_strictum
Linum_volkensii
Linum_strictum_subsp._strictum
Linum_africanum
Linum_comptonii
Linum_gracile
Linum_esterhuysenae
Linum_littorale
Linum_macraei_subsp._macraei
Linum_oligophyllum
Linum_medium
Linum_striatum
Linum_kingii
Linum_berlandieri
Linum_vernale
Linum_rupestre
Tirpitzia_sinensis
Tirpitzia_ovoidea
Reinwardtia_indica
Anisadenia_pubescens
Anisadenia_khasyana
Anisadenia_saxatilis
Erythroxylum_sinense
Erythroxylum_novocaledonicum
Erythroxylum_coca
Erythroxylum_areolatum
Erythroxylum_argentinum
Erythroxylum_deciduum
Nectaropetalum_zuluense
Cratoxylum_glaucum
Cratoxylum_arborescens
Cratoxylum_formosum_subsp._formosum
Cratoxylum_pruniflorum
Cratoxylum_formosum
Cratoxylum_cochinchinense
Eliea_articulata
Vismia_macrophylla
Vismia_billbergiana
Vismia_baccifera
Vismia_guianensis
Vismia_glaziovii
Vismia_cayennensis
Vismia_rubescens
Hypericum_fauriei
Hypericum_canadense
Hypericum_formosum
Hypericum_scoreri
Hypericum_vulcanicum
Hypericum_majus
Hypericum_mutilum_subsp._boreale
Hypericum_mutilum
Hypericum_japonicum
Hypericum_jeongjocksanense
Hypericum_laxum
Hypericum_gramineum
Hypericum_globuliferum
Hypericum_boreale
Hypericum_lalandii
Hypericum_connatum
Hypericum_polyanthemum
Hypericum_rigidum_subsp._rigidum
Hypericum_rigidum
Hypericum_ternum
Hypericum_brasiliense
Hypericum_campestre_subsp._campestre
Hypericum_linoides
Hypericum_myrianthum_subsp._tamariscinum
Hypericum_gnidioides
Hypericum_thesiifolium
Hypericum_pratense
Hypericum_philonotis
Hypericum_arbuscula
Hypericum_quitense
Hypericum_loxense_subsp._loxense
Hypericum_silenoides
Hypericum_brevistylum
Hypericum_gentianoides
Hypericum_setosum
Hypericum_mexicanum
Hypericum_gleasonii
Hypericum_magniflorum
Hypericum_irazuense
Hypericum_cardonae
Hypericum_humboldtianum
Hypericum_lycopodioides
Hypericum_cuatrecasii
Hypericum_laricifolium
Hypericum_myricariifolium
Hypericum_simonsii
Hypericum_thuyoides
Hypericum_bryoides
Hypericum_maguirei
Hypericum_hartwegii
Hypericum_andinum
Hypericum_harlingii
Hypericum_callacallanum
Hypericum_decandrum
Hypericum_pimeleoides
Hypericum_ruscoides
Hypericum_sprucei
Hypericum_aciculare
Hypericum_llanganaticum
Hypericum_lancioides_subsp._congestiflorum
Hypericum_lancioides_subsp._lancioides
Hypericum_prostratum
Hypericum_juniperinum
Hypericum_selaginella
Hypericum_tetrastichum
Hypericum_strictum_subsp._strictum
Hypericum_strictum
Hypericum_strictum_subsp._compactum
Hypericum_marahuacanum_subsp._chimantaicum
Hypericum_costaricense
Hypericum_goyanesii
Hypericum_sabiniforme
Hypericum_cymobrathys
Hypericum_garciae
Hypericum_terrae-firmae
Hypericum_denticulatum_subsp._acutifolium
Hypericum_dichotomum
Hypericum_suffruticosum
Hypericum_tenuifolium
Hypericum_brachyphyllum
Hypericum_adpressum
Hypericum_galioides
Hypericum_lloydii
Hypericum_chapmanii
Hypericum_fasciculatum
Hypericum_nitidum_subsp._nitidum
Hypericum_prolificum
Hypericum_myrtifolium
Hypericum_kalmianum
Hypericum_lobocarpum
Hypericum_buckleyi
Hypericum_cistifolium
Hypericum_apocynifolium
Hypericum_hypericoides_subsp._hypericoides
Hypericum_crux-andreae
Hypericum_tetrapetalum
Hypericum_microsepalum
Hypericum_ellipticum
Hypericum_sphaerocarpum
Hypericum_aegypticum_subsp._webbii
Hypericum_aegypticum_subsp._maroccanum
Hypericum_aegypticum
Hypericum_matudae
Hypericum_calcicola
Hypericum_pamphylicum
Hypericum_nanum
Hypericum_vacciniifolium
Hypericum_sampsonii
Hypericum_canariense
Hypericum_xylosteifolium
Hypericum_hookerianum
Hypericum_androsaemum
Hypericum_grandifolium
Hypericum_inodorum
Hypericum_hircinum_subsp._hircinum
Hypericum_hircinum_subsp._metroi
Hypericum_hircinum_subsp._albimontanum
Hypericum_hircinum_subsp._majus
Hypericum_foliosum
Hypericum_hircinum
Hypericum_wilsonii
Hypericum_garrettii
Hypericum_synstylum
Hypericum_balearicum
Hypericum_calycinum
Hypericum_przewalskii
Hypericum_longistylum_subsp._longistylum
Hypericum_geminiflorum
Hypericum_dogonbadanicum
Hypericum_ascyron_subsp._pyramidatum
Hypericum_ascyron_subsp._ascyron
Hypericum_ascyron
Hypericum_elatoides
Hypericum_socotranum_subsp._socotranum
Hypericum_balfourii
Hypericum_dyeri
Hypericum_kouytchense
Hypericum_forrestii
Hypericum_beanii
Hypericum_acmosepalum
Hypericum_lagarocladum
Hypericum_subsessile
Hypericum_bellum_subsp._latisepalum
Hypericum_pseudohenryi
Hypericum_oblongifolium
Hypericum_wardianum
Hypericum_monogynum
Hypericum_henryi_subsp._henryi
Hypericum_bellum
Hypericum_fosteri
Hypericum_maclarenii
Hypericum_curvisepalum
Hypericum_lancasteri
Hypericum_henryi
Hypericum_patulum
Hypericum_tenuicaule
Hypericum_addingtonii
Hypericum_choisyanum
Hypericum_podocarpoides
Hypericum_roeperianum
Hypericum_quartinianum
Hypericum_revolutum_subsp._keniense
Hypericum_revolutum_subsp._revolutum
Hypericum_bequaertii
Hypericum_revolutum
Hypericum_monanthemum
Hypericum_petiolulatum_subsp._yunnanense
Hypericum_petiolulatum
Hypericum_elodeoides
Hypericum_perfoliatum
Hypericum_montbretii
Hypericum_spruneri
Hypericum_richeri_subsp._grisebachii
Hypericum_richeri_subsp._burseri
Hypericum_richeri
Hypericum_rochelii
Hypericum_rumeliacum
Hypericum_rumeliacum_subsp._rumeliacum
Hypericum_taygeteum
Hypericum_olympicum
Hypericum_polyphyllum
Hypericum_reptans
Hypericum_heterophyllum
Hypericum_caprifolium
Hypericum_coadunatum
Hypericum_tomentosum
Hypericum_somaliense
Hypericum_pubescens
Hypericum_scruglii
Hypericum_reflexum
Hypericum_glandulosum
Hypericum_oaxacanum
Hypericum_tosaense
Hypericum_attenuatum
Hypericum_triquetrifolium
Hypericum_perforatum_subsp._veronense
Hypericum_perforatum_subsp._chinense
Hypericum_maculatum_subsp._maculatum
Hypericum_maculatum
Hypericum_dubium
Hypericum_yezoense
Hypericum_undulatum_subsp._undulatum
Hypericum_undulatum
Hypericum_tetrapterum
Hypericum_kamtschaticum
Hypericum_pseudopetiolatum
Hypericum_scouleri
Hypericum_epigeium
Hypericum_pseudomaculatum
Hypericum_punctatum
Hypericum_concinnum
Hypericum_hakonense
Hypericum_gracillimum
Hypericum_senanense
Hypericum_senanense_subsp._mutiloides
Hypericum_seniawinii
Hypericum_ovalifolium
Hypericum_chejuense
Hypericum_vaniotii
Hypericum_kinashianum
Hypericum_asahinae
Hypericum_erectum
Hypericum_kiusianum
Hypericum_sikokumontanum
Hypericum_pibairense
Hypericum_nakaii_subsp._nakaii
Hypericum_oliganthum
Hypericum_nagasawae
Hypericum_papuanum
Hypericum_hirsutum
Hypericum_montanum
Hypericum_annulatum
Hypericum_atomarium
Hypericum_sinaicum
Hypericum_lanuginosum
Hypericum_psilophytum
Hypericum_aucheri
Hypericum_athoum
Hypericum_delphicum
Hypericum_cerastioides
Hypericum_linariifolium
Hypericum_humifusum
Hypericum_australe
Hypericum_orientale
Hypericum_adenotrichum
Hypericum_leschenaultii
Hypericum_perforatum_subsp._perforatum
Hypericum_perforatum
Hypericum_thymifolium
Hypericum_nummularium
Hypericum_ericoides
Hypericum_empetrifolium
Hypericum_coris
Hypericum_haplophylloides
Hypericum_pulchrum
Hypericum_marginatum
Hypericum_linarioides
Hypericum_thymbrifolium
Hypericum_scabroides
Hypericum_scabrum
Hypericum_pseudolaeve
Hypericum_helianthemoides
Hypericum_elongatum_subsp._callithyrsum
Hypericum_hyssopifolium
Hypericum_elongatum
Hypericum_confertum
Hypericum_davisii
Hypericum_pallens
Hypericum_nummularioides
Hypericum_saxifragum
Hypericum_barbatum
Hypericum_bupleuroides
Hypericum_bithynicum
Hypericum_elodes
Hypericum_drummondii
Hypericum_stragulum
Hypericum_hypericoides
Hypericum_aethiopicum_subsp._sonderi
Hypericum_aethiopicum_subsp._aethiopicum
Hypericum_kiboense
Hypericum_conjungens
Hypericum_peplidifolium
Hypericum_scioanum
Hypericum_origanifolium
Hypericum_papillare
Hypericum_laxiflorum
Hypericum_aviculariifolium
Hypericum_walteri
Hypericum_virginicum
Hypericum_tubulosum
Hypericum_fraseri
Tricliceras_lobatum
Tricliceras_schinzii
Tricliceras_longipedunculatum
Tricliceras_pilosum
Tricliceras_laceratum
Tricliceras_bivinianum
Tricliceras_glanduliferum
Hyalocalyx_setifer
Loewia_glutinosa
Streptopetalum_hildebrandtii
Streptopetalum_serratum
Streptopetalum_wittei
Streptopetalum_arenarium
Stapfiella_claoxyloides
Stapfiella_usambarica
Piriqueta_cistoides
Piriqueta_morongii
Turnera_sidoides_subsp._integrifolia
Turnera_sidoides_subsp._carnea
Turnera_sidoides_subsp._pinnatifida
Turnera_capitata
Turnera_maracasana
Turnera_panamensis
Turnera_nervosa
Turnera_opifera
Turnera_melochioides
Turnera_lamiifolia
Turnera_grandidentata
Turnera_concinna
Turnera_krapovickasii
Turnera_subulata
Turnera_scabra
Turnera_oculata
Turnera_thomasii
Turnera_velutina
Turnera_campaniflora
Turnera_ulmifolia
Turnera_orientalis
Turnera_occidentalis
Turnera_joelii
Turnera_coerulea
Turnera_candida
Turnera_grandiflora
Turnera_fernandezii
Turnera_calyptrocarpa
Turnera_cearensis
Turnera_bahiensis
Turnera_chamaedrifolia
Turnera_diffusa
Turnera_aromatica
Turnera_odorata
Turnera_ignota
Turnera_weddelliana
Biophytum_abyssinicum
Biophytum_sensitivum
Biophytum_sp._BIOPHIL
Biophytum_reinwardtii
Averrhoa_carambola
Averrhoa_bilimbi
Sarcotheca_laxa
Sarcotheca_monophylla
Dapania_sp._SH-2010
Dapania_racemosa
Dapania_pentandra
Oxalis_griffithii_var._kantoensis
Oxalis_acetosella_subsp._japonica
Connarus_turczaninowii
Connarus_panamensis
Connarus_conchocarpus_subsp._conchocarpus
Connarus_conchocarpus
Connarus_cochinchinensis
Jollydora_duparquetiana
Jollydora_glandulosa
Rourea_brachyandra
Rourea_microphylla
Rourea_minor
Rourea_glabra
Rourea_orientalis
Ellipanthus_tomentosus
Ellipanthus_glabrifolius
Cnestis_polyphylla
Agelaea_pentagyna
Agelaea_borneensis
Agelaea_macrophylla
Cnestidium_rufescens
Byrsocarpus_coccineus
Bauhinia_rufa
Bauhinia_bracteata
Gleditsia_triacanthos
Gleditsia_sinensis
Bauhinia_grevei
Bauhinia_podopetala
Bauhinia_porosa
Bauhinia_hildebrandtii
Bauhinia_brevicalyx
Bauhinia_madagascariensis
Bauhinia_xerophyta
Bauhinia_grandidieri
Bauhinia_morondavensis
Bauhinia_monandra
Bauhinia_tomentosa
Bauhinia_kalantha
Bauhinia_taitensis
Bauhinia_natalensis
Bauhinia_viridescens
Bauhinia_purpurea
Bauhinia_galpinii
Bauhinia_blakeana
Bauhinia_pottsii
Bauhinia_mendoncae
Bauhinia_petersiana
Bauhinia_micrantha
Bauhinia_glauca
Bauhinia_rufescens
Bauhinia_racemosa
Bauhinia_brachycarpa
Bauhinia_aculeata
Bauhinia_acreana
Bauhinia_mollis
Bauhinia_pentandra
Bauhinia_bauhinioides
Bauhinia_corniculata
Bauhinia_pauletia
Bauhinia_forficata
Bauhinia_pulchella
Bauhinia_ungulata
Bauhinia_cookii
Bauhinia_seminarioi
Bauhinia_weberbaueri
Bauhinia_picta
Bauhinia_seleriana
Bauhinia_pringlei
Bauhinia_lunarioides
Bauhinia_subclavata
Bauhinia_macranthera
Bauhinia_andrieuxii
Bauhinia_ramosissima
Bauhinia_dipetala
Bauhinia_jenningsii
Bauhinia_championii
Bauhinia_yunnanensis
Bauhinia_corymbosa
Bauhinia_penicilliloba
Bauhinia_lorantha
Bauhinia_binata
Bauhinia_hymenaeifolia
Bauhinia_apertilobata
Bauhinia_forficata_subsp._pruinosa
Tylosema_fassoglense
Tylosema_esculentum
Tylosema_argentea
Bauhinia_longicuspis
Dais_cotinifolia
Melochia_corchorifolia
Durio_zibethinus
Durio_griffithii
Rotala_rotundifolia
Rotala_ramosior
Ammannia_baccifera_subsp._aegyptiaca
Ammannia_latifolia
Decodon_verticillatus
Lythrum_portula
Lythrum_borysthenicum
Lythrum_flagellare
Lythrum_junceum
Lythrum_virgatum
Lythrum_salicaria
Lythrum_ovalifolium
Lythrum_hyssopifolia
Punica_granatum
Punica_protopunica
Adenaria_floribunda
Ludwigia_suffruticosa
Ludwigia_palustris
Ludwigia_glandulosa
Ludwigia_grandiflora_subsp._grandiflora
Ludwigia_grandiflora_subsp._hexapetala
Ludwigia_adscendens
Ludwigia_peploides
Ludwigia_peploides_subsp._montevidensis
Ludwigia_peploides_subsp._peploides
Ludwigia_peruviana
Jepsonia_parryi
Cryptantha_sp._CRSP
Cryptantha_sp._CRSP2
Cryptantha_mohavensis
Cryptantha_patagonica
Cryptantha_leiocarpa
Cryptantha_scoparia
Cryptantha_nevadensis
Cryptantha_minima
Cryptantha_texana
Cryptantha_fendleri
Cryptantha_affinis
Cryptantha_nemaclada
Cryptantha_peruviana
Cryptantha_diffusa
Cryptantha_linearis
Cryptantha_globulifera
Cryptantha_foliosa
Cryptantha_traskiae
Cryptantha_decipiens
Cryptantha_intermedia
Cryptantha_ganderi
Cryptantha_aprica
Cryptantha_alyssoides
Cryptantha_capituliflora
Cryptantha_collina
Cryptantha_glomerata
Cryptantha_dumetorum
Cryptantha_racemosa
Cryptantha_crassisepala
Cryptantha_chaetocalyx
Cryptantha_granulosa
Cryptantha_maritima
Cryptantha_pterocarya
Amsinckia_menziesii
Amsinckia_calycina
Amsinckia_eastwoodiae
Amsinckia_lycopsoides
Amsinckia_vernicosa
Amsinckia_furcata
Amsinckia_tessellata
Amsinckia_spectabilis
Oreocarya_thyrsiflora
Oreocarya_weberi
Oreocarya_stricta
Oreocarya_suffruticosa
Oreocarya_crassipes
Oreocarya_paysonii
Oreocarya_bakeri
Oreocarya_cinerea
Oreocarya_roosiorum
Oreocarya_humilis
Oreocarya_confertiflora
Oreocarya_johnstonii
Oreocarya_flava
Oreocarya_fulvocanescens
Cryptantha_flavoculata
Cryptantha_virginensis
Oreocarya_cana
Oreocarya_paradoxa
Oreocarya_virgata
Paracaryum_ancyritanum
Paracaryum_laxiflorum
Paracaryum_racemosum
Paracaryum_polycarpum
Paracaryum_lithospermifolium
Paracaryum_cappadocicum
Paracaryum_rugulosum
Paracaryum_himalayense
Paracaryum_gracile
Paracaryum_crista-galli
Paracaryum_heratense
Paracaryum_persicum
Paracaryum_platycalyx
Paracaryum_undulatum
Paracaryum_bungei
Paracaryum_intermedium
Paracaryum_salsum
Paracaryum_turcomanicum
Arnebia_szechenyi
Arnebia_euchroma
Arnebia_guttata
Arnebia_densiflora
Arnebia_benthamii
Arnebia_linearifolia
Arnebia_decumbens
Arnebia_coerulea
Arnebia_tubata
Lithodora_hispidula
Lithodora_hispidula_subsp._hispidula
Lithodora_hispidula_subsp._versicolor
Lithodora_zahnii
Lithodora_fruticosa
Lithospermum_parksii
Lithospermum_mirabile
Lithospermum_incisum
Lithospermum_carolinense
Lithospermum_canescens
Lithospermum_nelsonii
Lithospermum_ruderale
Lithospermum_californicum
Lithospermum_incisum_x_Lithospermum_mirabile
Lithospermum_latifolium
Lithospermum_mediale
Lithospermum_macromeria
Lithospermum_rosei
Lithospermum_longiflorum
Lithospermum_rzedowskii
Lithospermum_cobrense
Lithospermum_exsertum
Lithospermum_multiflorum
Lithospermum_discolor
Lithospermum_viride
Lithospermum_onosmodium
Lithospermum_bejariense
Lithospermum_occidentale
Lithospermum_molle
Lithospermum_virginianum
Lithospermum_tuberosum
Lithospermum_afromontanum
Lithospermum_cinereum
Lithospermum_scabrum
Lithospermum_papillosum
Lithospermum_revolutum
Lithospermum_calycosum
Lithospermum_matamorense
Lithospermum_erythrorhizon
Lithospermum_officinale
Lithospermum_azuayensis
Lithospermum_macbridei
Lithospermum_cinerascens
Lithospermum_rodriguezii
Lithospermum_peruvianum
Lithospermum_cuzcoensis
Lithospermum_gayanum
Lithospermum_distichum
Lithospermum_tschimganicum
Lithospermum_hancockianum
Glandora_prostrata_subsp._lusitanica
Glandora_prostrata_subsp._prostrata
Glandora_prostrata
Glandora_diffusa
Glandora_rosmarinifolia
Glandora_moroccana
Glandora_oleifolia
Glandora_nitida
Glandora_gastonii
Glandora_goulandrisiorum
Lithospermum_purpurocaeruleum
Anchusa_capellii
Anchusa_formosa
Anchusa_montelinasana
Anchusa_crispa_subsp._maritima
Anchusa_crispa_subsp._crispa
Anchusa_sardoa
Anchusa_crispa
Anchusa_limbata
Anchusa_leptophylla
Anchusa_leptophylla_subsp._incana
Anchusa_officinalis
Anchusa_capensis
Anchusa_cespitosa
Anchusa_undulata_subsp._hybrida
Anchusa_littorea
Anchusa_ochroleuca
Anchusa_leucantha
Anchusa_samothracica
Anchusa_arvensis_subsp._orientalis
Anchusa_arvensis
Anchusa_stylosa
Anchusa_pusilla
Anchusa_thessala
Anchusa_italica
Anchusa_strigosa
Anchusa_azurea
Anchusa_aegyptiaca
Anchusa_milleri
Anchusa_ovata
Symphytum_sylvaticum_var._hordokopii
Symphytum_sylvaticum_subsp._sylvaticum
Symphytum_sylvaticum_subsp._sepulcrale
Symphytum_brachycalyx
Symphytum_aintabicum
Symphytum_longisetum
Symphytum_bornmuelleri
Symphytum_tauricum
Symphytum_asperum
Symphytum_bulbosum
Symphytum_savvalense
Symphytum_podcumicum
Symphytum_ibericum
Symphytum_grandiflorum
Symphytum_kurdicum
Symphytum_orientale
Symphytum_pseudobulbosum
Symphytum_ottomanum
Symphytum_anatolicum
Symphytum_insulare
Symphytum_circinale
Symphytum_creticum
Symphytum_naxicola
Symphytum_icaricum
Symphytum_tuberosum
Symphytum_gussonei
Symphytum_bohemicum
Symphytum_x_uplandicum
Symphytum_peregrinum
Symphytum_officinale
Symphytum_caucasicum
Symphytum_cordatum
Symphytum_armeniacum
Pulmonaria_saccharata
Pulmonaria_montana
Pulmonaria_longifolia
Pulmonaria_collina
Pulmonaria_mollis
Pulmonaria_angustifolia_x_Pulmonaria_obscura
Pulmonaria_mollis_x_Pulmonaria_obscura
Pulmonaria_affinis
Pulmonaria_obscura
Pulmonaria_officinalis
Pulmonaria_angustifolia
Pulmonaria_rubra
Pulmonaria_filarszkyana
Pulmonaria_picta
Pulmonaria_cesatiana
Phacelia_glandulosa
Phacelia_howelliana
Phacelia_splendens
Phacelia_mammillarensis
Phacelia_welshii
Phacelia_rafaelensis
Phacelia_corrugata
Phacelia_patuliflora
Phacelia_neomexicana
Phacelia_arizonica
Phacelia_popei
Phacelia_congesta
Phacelia_rupestris
Phacelia_vossii
Phacelia_viscosa
Phacelia_marshall-johnstonii
Phacelia_integrifolia_var._integrifolia
Phacelia_integrifolia_var._texana
Phacelia_gypsogenia
Phacelia_palmeri
Phacelia_crenulata_var._ambigua
Phacelia_crenulata_var._crenulata
Phacelia_crenulata_var._angustifolia
Phacelia_coerulea
Phacelia_bombycina
Phacelia_pedicellata
Phacelia_scariosa
Phacelia_ramosissima_var._subglabra
Phacelia_ramosissima
Phacelia_ramosissima_var._eremophila
Phacelia_ramosissima_var._latifolia
Phacelia_ramosissima_var._austrolitoralis
Phacelia_crenulata_var._minutiflora
Phacelia_tanacetifolia
Phacelia_distans
Phacelia_cryptantha
Phacelia_thermalis
Phacelia_heterophylla
Phacelia_heterophylla_subsp._virgata
Phacelia_nemoralis
Phacelia_egena
Phacelia_argentea
Phacelia_imbricata
Phacelia_hastata
Phacelia_breweri
Phacelia_californica
Phacelia_hastata_var._compacta
Phacelia_nemoralis_var._oregonensis
Phacelia_heterophylla_var._virgata
Phacelia_humilis
Phacelia_insularis_var._insularis
Phacelia_divaricata
Phacelia_douglasii
Phacelia_campanularia_var._vasiformis
Phacelia_campanularia
Phacelia_campanularia_var._campanularia
Phacelia_longipes
Phacelia_nashiana
Phacelia_minor
Phacelia_parryi
Phacelia_minor_x_Phacelia_parryi
Phacelia_viscida_var._viscida
Phacelia_viscida_var._albiflora
Phacelia_viscida
Phacelia_grandiflora
Phacelia_procera
Phacelia_hydrophylloides
Phacelia_bolanderi
Phacelia_ranunculacea
Phacelia_dubia
Phacelia_hirsuta
Phacelia_sericea
Phacelia_linearis
Phacelia_lutea
Phacelia_lutea_var._lutea
Phacelia_lutea_var._calva
Phacelia_adenophora
Phacelia_inundata
Phacelia_tetramera
Phacelia_monoensis
Phacelia_salina
Phacelia_glaberrima
Phacelia_scopulina
Phacelia_ivesiana
Phacelia_fremontii
Phacelia_gymnoclada
Phacelia_leibergii
Phacelia_glandulifera
Phacelia_bicolor
Phacelia_inyoensis
Phacelia_affinis
Phacelia_cumingii
Phacelia_brachyloba
Phacelia_calthifolia
Phacelia_pachyphylla
Phacelia_neglecta
Phacelia_perityloides
Phacelia_rotundifolia
Phacelia_pulchella
Nama_undulata
Nama_parvifolia
Nama_stenocarpa
Nama_jamaicensis
Nama_carnosa
Nama_sericea
Nama_demissa_var._demissa
Nama_demissa
Nama_californica
Nama_aretioides
Nama_pusilla
Tournefortia_chinchensis
Tournefortia_microcalyx
Tournefortia_polystachya
Tournefortia_buchtienii
Tournefortia_acutiflora
Tournefortia_laurifolia
Tournefortia_hirsutissima
Tournefortia_ternifolia
Tournefortia_argentea
Tournefortia_gnaphalodes
Ehretia_obtusifolia
Ehretia_coerulea
Ehretia_laevis
Ehretia_aquatica
Ehretia_saligna_var._membranifolia
Ehretia_rigida
Ehretia_cymosa
Ehretia_monopyrena
Ehretia_microphylla
Ehretia_longiflora
Ehretia_ovalifolia
Ehretia_acuminata
Ehretia_latifolia
Ehretia_anacua
Ehretia_tinifolia
Ehretia_cortesia
Cordia_croatii
Cordia_lasiocalyx
Cordia_liesneri
Cordia_lucidula
Cordia_trichoclada
Cordia_porcata
Cordia_trachyphylla
Cordia_leslieae
Cordia_correae
Cordia_ucayaliensis
Cordia_exaltata
Cordia_acutifolia
Cordia_sprucei
Cordia_dwyeri
Cordia_panamensis
Cordia_toqueve
Cordia_tetrandra
Cordia_cymosa
Cordia_sp._MS-2011b
Cordia_ecalyculata
Cordia_collococca
Cordia_sagotii
Cordia_nodosa
Cordia_sp._MS-2011a
Cordia_sp._MS-2011c
Cordia_scabrifolia
Cordia_sellowiana
Cordia_decipiens
Cordia_bicolor
Cordia_panicularis
Cordia_naidophila
Cordia_rufescens
Cordia_taguahyensis
Cordia_superba
Cordia_pilosa
Cordia_anabaptista
Cordia_sp._MS-2011d
Cordia_aberrans
Cordia_diversifolia
Cordia_nevillii
Cordia_sinensis
Cordia_monoica
Cordia_guineensis
Cordia_myxa
Cordia_dichotoma
Cordia_africana
Cordia_lutea
Cordia_dentata
Cordia_polycephala
Varronia_discolor
Cordia_bifurcata
Cordia_revoluta
Varronia_sessilifolia
Varronia_multispicata
Cordia_ambigua
Varronia_leucomalloides
Varronia_mayoi
Cordia_macrocephala
Cordia_pringlei
Cordia_anderssonii
Cordia_leucophlyctis
Cordia_podocephala
Cordia_spinescens
Varronia_guanacastensis
Cordia_martinicensis
Varronia_bullata
Varronia_striata
Varronia_leucocephala
Varronia_globosa
Varronia_tarodaea
Varronia_harleyi
Varronia_bonplandii
Cordia_bonplandii
Varronia_inermis
Cordia_oaxacana
Cordia_curassavica
Varronia_glandulosa
Cordia_megalantha
Cordia_gerascanthus
Cordia_glabrata
Cordia_insignis
Cordia_goeldiana
Cordia_sonorae
Cordia_alliodora
Cordia_trichotoma
Cordia_weddellii
Cordia_elaeagnoides
Cordia_bordasii
Cordia_americana
Cordia_saccellia
Cordia_boissieri
Cordia_glazioviana
Cordia_oncocalyx
Cordia_decandra
Cordia_incognita
Cordia_sebestena
Salvia_purpurea
Salvia_tiliifolia
Salvia_iodantha
Salvia_personata
Salvia_tubifera
Salvia_farinacea
Salvia_arbuscula
Salvia_longispicata
Salvia_leucantha
Salvia_gravida
Salvia_polystachya
Salvia_moniliformis
Salvia_lavanduloides
Salvia_mexicana
Salvia_thyrsiflora
Salvia_coccinea
Salvia_hirtella
Salvia_oppositiflora
Salvia_blepharophylla
Salvia_cedrosensis
Salvia_selleana
Salvia_arborescens
Salvia_paryskii
Salvia_tuerckheimii
Salvia_tortuosa
Salvia_pallida
Salvia_haenkei
Salvia_platystoma
Salvia_rusbyi
Salvia_oxyphora
Salvia_confertiflora
Salvia_dombeyi
Salvia_grewiifolia
Salvia_rypara
Salvia_orbignaei
Salvia_graciliramulosa
Salvia_guaranitica
Salvia_splendens
Salvia_sophrona
Salvia_stachydifolia
Salvia_atrocyanea
Salvia_inconspicua
Salvia_disjuncta
Salvia_decumbens
Salvia_fulgens
Salvia_greggii
Salvia_dorisiana
Salvia_madrensis
Salvia_chamaedryoides
Salvia_aspera
Salvia_lycioides
Salvia_thymoides
Salvia_lasiantha
Salvia_semiatrata
Salvia_discolor
Salvia_venulosa
Salvia_divinorum
Salvia_regla
Salvia_candicans
Salvia_oaxacana
Salvia_pubescens
Salvia_sessei
Salvia_ballotiflora
Salvia_calolophos
Salvia_retinervia
Salvia_bangii
Salvia_cuspidata
Salvia_elegans
Salvia_cinnabarina
Salvia_uliginosa
Salvia_procurrens
Salvia_ovalifolia
Salvia_fruticulosa
Salvia_tricuspidata
Salvia_mocinoi
Salvia_prunelloides
Salvia_clinopodioides
Salvia_subincisa
Salvia_occidentalis
Salvia_misella
Salvia_corrugata
Salvia_styphelus
Salvia_concolor
Salvia_flaccidifolia
Salvia_macrophylla
Salvia_sagittata
Salvia_scutellarioides
Salvia_cacaliifolia
Salvia_patens
Salvia_vaseyi
Salvia_munzii
Salvia_eremostachya
Salvia_clevelandii
Salvia_mellifera
Salvia_brandegeei
Salvia_chionopeplica
Salvia_leucophylla
Salvia_sonomensis
Salvia_mohavensis
Salvia_pachyphylla
Salvia_spathacea
Salvia_columbariae
Salvia_greatae
Salvia_californica
Salvia_funerea
Salvia_carduacea
Salvia_santolinifolia
Salvia_trichocalycina
Salvia_herbanica
Salvia_aegyptiaca
Salvia_aristata
Salvia_vvedenskii
Salvia_tetrodonta
Salvia_margaritae
Salvia_cyclostegia
Salvia_hylocharis
Salvia_cynica
Salvia_brachyloma
Salvia_tricuspis
Salvia_paohsingensis
Salvia_roborowskii
Salvia_hians
Salvia_prattii
Salvia_brevilabra
Salvia_omeiana
Salvia_maximowicziana
Salvia_heterochroa
Salvia_bulleyana
Salvia_digitaloides
Salvia_schizochila
Salvia_handelii
Salvia_subpalmatinervis
Salvia_aerea
Salvia_koyamae
Salvia_nubicola
Salvia_glutinosa
Salvia_pauciflora
Salvia_trijuga
Salvia_plebeia
Salvia_substolonifera
Salvia_prionitis
Salvia_qimenensis
Salvia_kiangsiensis
Salvia_baimaensis
Salvia_chinensis
Salvia_liguliloba
Salvia_scapiformis
Salvia_arisanensis
Salvia_hayatana
Salvia_ranzaniana
Salvia_isensis
Salvia_plectranthoides
Salvia_yunnanensis
Salvia_paramiltiorrhiza
Salvia_bowleyana
Salvia_meiliensis
Salvia_chienii
Salvia_dabieshanensis
Salvia_honania
Salvia_sinica
Salvia_aethiopis
Salvia_frigida
Salvia_cyanescens
Salvia_sclarea
Salvia_yosgadensis
Salvia_argentea
Salvia_microstegia
Salvia_chionantha
Salvia_anatolica
Salvia_xanthocheila
Salvia_verbascifolia
Salvia_indica
Salvia_vermifolia
Salvia_modesta
Salvia_eriophora
Salvia_atropatana
Salvia_poculata
Salvia_veneris
Salvia_hypoleuca
Salvia_brachyantha
Salvia_chloroleuca
Salvia_limbata
Salvia_cassia
Salvia_absconditiflora
Salvia_tingitana
Salvia_tobeyi
Salvia_chrysophylla
Salvia_staminea
Salvia_sahendica
Salvia_reuteriana
Salvia_sharifii
Salvia_macrosiphon
Salvia_spinosa
Salvia_syriaca
Salvia_persepolitana
Salvia_sarawschanica
Salvia_schimperi
Salvia_palaestina
Salvia_rhytidea
Salvia_moorcroftiana
Salvia_mirzayanii
Salvia_dominica
Salvia_lanigera
Salvia_merjamie
Salvia_viscosa
Salvia_dichroantha
Salvia_radula
Salvia_disermas
Salvia_canariensis
Salvia_broussonetii
Salvia_nutans
Salvia_jurisicii
Salvia_tesquicola
Salvia_virgata
Salvia_ceratophylla
Salvia_deserta
Salvia_sclareoides
Salvia_verbenaca
Salvia_adenocaulon
Salvia_amplexicaulis
Salvia_austriaca
Salvia_montbretii
Salvia_hypargeia
Salvia_lanata
Salvia_daghestanica
Salvia_viridis
Salvia_nemorosa
Salvia_rugosa
Salvia_albicaulis
Salvia_chamelaeagnea
Salvia_scabra
Salvia_thermarum
Salvia_africana
Salvia_lanceolata
Salvia_lutea
Salvia_muirii
Salvia_stenophylla
Salvia_somalensis
Salvia_sessilifolia
Salvia_leucodermis
Salvia_namaensis
Salvia_repens
Salvia_dolomitica
Salvia_schlechteri
Salvia_nilotica
Salvia_judaica
Salvia_russellii
Salvia_napifolia
Salvia_leriifolia
Salvia_taraxacifolia
Salvia_summa
Salvia_henryi
Salvia_davidsonii
Salvia_roemeriana
Salvia_whitehousei
Salvia_engelmannii
Salvia_texana
Salvia_pentstemonoides
Salvia_lyrata
Salvia_marashica
Salvia_ballsiana
Salvia_suffruticosa
Salvia_pachystachya
Salvia_garipensis
Salvia_caespitosa
Salvia_wiedemannii
Salvia_blepharochlaena
Salvia_pinnata
Salvia_quezelii
Salvia_scabiosifolia
Salvia_tchihatcheffii
Salvia_adenophylla
Salvia_heldreichiana
Salvia_cedronella
Salvia_potentillifolia
Salvia_albimaculata
Salvia_pisidica
Salvia_nydeggeri
Salvia_smyrnaea
Salvia_cadmica
Salvia_ringens
Salvia_interrupta
Salvia_candelabrum
Salvia_korolkovii
Salvia_aramiensis
Salvia_officinalis
Salvia_fruticosa
Salvia_tomentosa
Salvia_cerinopruinosa
Salvia_kronenburgii
Salvia_pseudeuphratica
Salvia_kurdica
Salvia_bucharica
Salvia_huberi
Salvia_maymanica
Salvia_recognita
Salvia_multicaulis
Salvia_hydrangea
Salvia_dracocephaloides
Salvia_cabulica
Perovskia_scrophulariifolia
Perovskia_abrotanoides
Perovskia_atriplicifolia
Aegiphila_anomala
Aegiphila_alba
Aegiphila_multiflora
Aegiphila_hassleri
Aegiphila_brachiata
Aegiphila_elata
Aegiphila_martinicensis
Callicarpa_erioclona
Callicarpa_arborea
Callicarpa_japonica
Callicarpa_rubella
Callicarpa_giraldii
Callicarpa_mollis
Callicarpa_kochiana
Callicarpa_pedunculata
Callicarpa_americana
Callicarpa_dichotoma
Callicarpa_furfuracea
Callicarpa_longifolia
Ruellia_beyrichiana
Ruellia_donnell-smithii
Ruellia_magniflora
Ruellia_bulbifera
Ruellia_eriocalyx
Ruellia_hookeriana
Ruellia_leucantha
Ruellia_salviifolia
Ruellia_tomentosa
Ruellia_incompta
Ruellia_adenocalyx
Ruellia_verbasciformis
Ruellia_foetida
Ruellia_amoena
Ruellia_alboviolacea
Ruellia_petiolaris
Ruellia_mcvaughii
Ruellia_novogaliciana
Ruellia_humboldtiana
Ruellia_longifilamentosa
Ruellia_tubiflora
Ruellia_tarapotana
Ruellia_densa
Ruellia_patula
Ruellia_malacophylla
Ruellia_cernua
Ruellia_linearibracteolata
Ruellia_ansericollis
Ruellia_anaticollis
Ruellia_dissidens
Ruellia_cyanea
Ruellia_latisepala
Ruellia_multifolia
Ruellia_harveyana
Ruellia_pilosa
Ruellia_nobilis
Ruellia_elegans
Ruellia_acutangula
Ruellia_subsessilis
Ruellia_exserta
Ruellia_siraensis
Ruellia_discifolia
Ruellia_megachlamys
Ruellia_bourgaei
Ruellia_jaliscana
Ruellia_conzattii
Ruellia_pringlei
Ruellia_hirsutoglandulosa
Ruellia_devosiana
Ruellia_ruiziana
Ruellia_breedlovei
Ruellia_menthoides
Ruellia_macrophylla
Ruellia_stemonacanthoides
Ruellia_pittieri
Ruellia_saulensis
Ruellia_rubra
Ruellia_nitida
Ruellia_costata
Ruellia_metallica
Ruellia_terminalis
Ruellia_amplexicaulis
Ruellia_angustiflora
Ruellia_biolleyi
Ruellia_fulgida
Ruellia_ischnopoda
Ruellia_pearcei
Ruellia_longipedunculata
Ruellia_jussieuoides
Ruellia_gracilis
Ruellia_antiquorum
Ruellia_eumorphantha
Ruellia_brevifolia
Ruellia_puri
Ruellia_haenkeana
Ruellia_sanguinea
Ruellia_fulgens
Ruellia_inundata
Ruellia_asperula
Ruellia_floribunda
Ruellia_galeottii
Ruellia_paniculata
Ruellia_cearensis
Ruellia_ochroleuca
Ruellia_standleyi
Ruellia_blechum
Ruellia_longepetiolata
Ruellia_blechioides
Ruellia_californica
Ruellia_malaca
Ruellia_macrosolen
Ruellia_ciliatiflora
Ruellia_davisiorum
Ruellia_occidentalis
Ruellia_runyonii
Ruellia_jimulcensis
Ruellia_nudiflora
Ruellia_edwardsae
Ruellia_morongii
Ruellia_hygrophila
Ruellia_metzae
Ruellia_tuberosa
Ruellia_intermedia
Ruellia_brittoniana
Ruellia_simplex
Ruellia_coerulea
Ruellia_caroliniensis
Ruellia_strepens
Ruellia_drummondiana
Ruellia_parryi
Pseuderanthemum_latifolium
Pseuderanthemum_polyanthum
Pseuderanthemum_graciliflorum
Ruspolia_seticalyx
Oplonia_microphylla
Pseuderanthemum_alatum
Odontonema_tubiforme
Chileranthemum_pyramidatum
Schlegelia_parviflora
Schlegelia_fuscata
Henckelia_grandifolia
Henckelia_anachoreta
Henckelia_auriculata
Henckelia_pumila
Henckelia_urticifolia
Henckelia_dielsii
Henckelia_incana
Henckelia_floccosa
Henckelia_humboldtiana
Henckelia_bifolia
Henckelia_walkerae
Henckelia_longisepala
Henckelia_leucocodon
Henckelia_floribunda
Henckelia_codonion
Henckelia_malayana
Henckelia_venusta
Henckelia_albomarginata
Henckelia_nana
Henckelia_ericii
Henckelia_minima
Besleria_aggregata
Besleria_formicaria
Besleria_melancholica
Besleria_notabilis
Besleria_filipes
Besleria_angustiflora
Besleria_labiosa
Besleria_gracilenta
Besleria_ovalifolia
Besleria_divaricata
Besleria_variabilis
Schrebera_alata
Jasminum_didymum_subsp._lineare
Jasminum_volubile
Jasminum_grandiflorum
Jasminum_fluminense
Jasminum_multiflorum
Jasminum_nervosum
Jasminum_elegans
Jasminum_abyssinicum
Jasminum_grandiflorum_subsp._floribundum
Jasminum_mesnyi
Jasminum_nudiflorum
Jasminum_leratii
Jasminum_fruticans
Forsythia_nakaii
Forsythia_ovata
Forsythia_europaea
Forsythia_japonica
Forsythia_viridissima
Forsythia_giraldiana
Forsythia_suspensa
Abeliophyllum_distichum_f._eburneum
Abeliophyllum_distichum
Abeliophyllum_distichum_f._lilacinum
Nyctanthes_arbor-tristis
Carlemannia_griffithii
Carlemannia_tetragona
Asperula_taurina
Asperula_arvensis
Asperula_tinctoria
Asperula_laevigata
Asperula_staliana_subsp._staliana
Asperula_staliana_subsp._diomedea
Asperula_staliana_subsp._issaea
Asperula_staliana_subsp._arenaria
Asperula_visianii
Asperula_neglecta
Asperula_paui_subsp._paui
Asperula_deficiens
Asperula_borbasiana
Asperula_woloszczakii
Asperula_pumila
Asperula_cynanchica_subsp._cynanchica
Asperula_lactea
Asperula_crassifolia
Asperula_aristata_subsp._aristata
Asperula_wettsteinii
Asperula_rupicola
Asperula_aristata_subsp._oreophila
Asperula_peloritana
Asperula_beckiana
Asperula_suberosa
Asperula_bornmuelleri
Asperula_garganica
Asperula_calabra
Asperula_aristata_subsp._nestia
Asperula_aristata_subsp._thessala
Asperula_aristata_subsp._condensata
Asperula_suffruticosa
Asperula_oetaea
Asperula_mungieri
Asperula_pinifolia
Asperula_lutea_subsp._lutea
Asperula_lutea
Asperula_rigidula
Asperula_ophiolithica
Asperula_naufraga
Asperula_diminuta
Asperula_graveolens_subsp._danilewskiana
Asperula_littoralis
Asperula_tephrocarpa
Asperula_idaea
Asperula_boissieri
Asperula_abbreviata
Asperula_affinis
Asperula_gussonei
Asperula_woronowii
Asperula_tenuifolia
Asperula_rumelica
Asperula_nitida_subsp._nitida
Asperula_cynanchica
Asperula_lilaciflora_subsp._runemarkii
Asperula_icarica
Asperula_pestalozzae
Asperula_pulvinaris
Asperula_neilreichii
Asperula_supina_subsp._supina
Asperula_purpurea
Asperula_chlorantha
Asperula_hirta
Asperula_purpurea_subsp._purpurea
Asperula_glomerata_subsp._turcomanica
Asperula_molluginoides
Asperula_oppositifolia_subsp._grandiflora
Plocama_tinctoria
Plocama_yemenensis
Plocama_crocyllis
Plocama_pendula
Plocama_aucheri
Plocama_eriantha
Aitchisonia_rosea
Plocama_olivieri
Plocama_hymenostephana
Plocama_brevifolia
Plocama_calabrica
Saprosma_ternatum
Saprosma_fruticosum
Saprosma_foetens
Paederia_taolagnarensis
Paederia_majungensis
Paederia_lanata
Paederia_grandidieri
Paederia_mandrarensis
Paederia_bojeriana
Paederia_farinosa
Paederia_sambiranensis
Paederia_pospischilii
Paederia_ciliata
Paederia_stenobotrya
Paederia_pertomentosa
Paederia_foetida
Paederia_cavaleriei
Paederia_yunnanensis
Paederia_praetermissa
Paederia_cruddasiana
Paederia_lanuginosa
Paederia_pilifera
Paederia_brasiliensis
Paederia_spectatissima
Paederia_verticillata
Leptodermis_potanini
Leptodermis_oblonga
Leptodermis_ovata
Serissa_japonica
Spermadictyon_suaveolens
Mycetia_pubifolia
Mycetia_cauliflora
Mycetia_effusa
Mycetia_tonkinensis
Mycetia_faberi
Mycetia_bracteata
Mycetia_gracilis
Mycetia_malayana
Mycetia_javanica
Mycetia_hirta
Mycetia_sinensis
Mouretia_larsenii
Mouretia_vietnamensis
Cyanoneuron_cyaneum
Cyanoneuron_pubescens
Foonchewia_guangdongensis
Dunnia_sinensis
Nertera_granadensis
Nertera_nigricarpa
Anthospermum_herbaceum
Mitracarpus_rhadinophyllus
Mitracarpus_aristatus
Mitracarpus_portoricensis
Mitracarpus_capitatus
Mitracarpus_brachystigma
Mitracarpus_schininianus
Mitracarpus_glabrescens
Mitracarpus_bicrucis
Mitracarpus_frigidus
Mitracarpus_baturitensis
Mitracarpus_anthospermoides
Mitracarpus_carnosus
Mitracarpus_hirtus
Mitracarpus_longicalyx
Mitracarpus_nitidus
Mitracarpus_federalensis
Mitracarpus_microspermus
Mitracarpus_recurvatus
Mitracarpus_eritrichoides
Mitracarpus_albomarginatus
Mitracarpus_steyermarkii
Mitracarpus_fernandesii
Mitracarpus_pusillus
Mitracarpus_salzmannianus
Mitracarpus_eichleri
Mitracarpus_rigidifolius
Mitracarpus_megapotamicus
Mitracarpus_lhotzkyanus
Mitracarpus_robustus
Psyllocarpus_asparagoides
Psyllocarpus_laricoides
Spermacoce_tenuior
Spermacoce_confusa
Spermacoce_glabra
Spermacoce_alata
Spermacoce_breviflora
Spermacoce_erosa
Spermacoce_prostrata
Spermacoce_remota
Spermacoce_ocymifolia
Spermacoce_capitata
Spermacoce_flagelliformis
Spermacoce_ruelliae
Spermacoce_hispida
Spermacoce_princeae
Spermacoce_filituba
Galianthe_peruviana
Galianthe_grandifolia
Galianthe_brasiliensis
Galianthe_eupatorioides
Schwendenera_tetrapyxis
Borreria_schumannii
Borreria_alata
Borreria_incognita
Borreria_eryngioides
Borreria_virgata
Borreria_tenella
Borreria_dasycephala
Diodia_aulacosperma
Diodia_apiculata
Diodia_spicata
Diodia_saponariifolia
Bouvardia_ternifolia
Manettia_alba
Manettia_lygistum
Manettia_cordifolia
Arcytophyllum_vernicosum
Arcytophyllum_muticum
Arcytophyllum_aristatum
Arcytophyllum_setosum
Arcytophyllum_peruvianum
Arcytophyllum_rivetii
Arcytophyllum_ericoides
Arcytophyllum_ciliolatum
Arcytophyllum_thymifolium
Stenaria_nigricans
Hedyotis_bodinieri
Hedyotis_vachellii
Hedyotis_acutangula
Hedyotis_bracteosa
Hedyotis_shiuyingiae
Hedyotis_shenzhenensis
Hedyotis_pulcherrima
Hedyotis_caudatifolia
Hedyotis_cantoniensis
Hedyotis_yangchunensis
Hedyotis_xinyiensis
Hedyotis_platystipula
Hedyotis_longipetala
Hedyotis_mellii
Hedyotis_assimilis
Hedyotis_xanthochroa
Hedyotis_consanguinea
Hedyotis_tenuipes
Hedyotis_effusa
Hedyotis_paridifolia
Hedyotis_wuzhishanensis
Hedyotis_hainanensis
Hedyotis_cryptantha
Hedyotis_yunnanensis
Hedyotis_uncinella
Hedyotis_communis
Hedyotis_macrostegia
Hedyotis_pulchella
Hedyotis_philippensis
Hedyotis_fruticosa
Hedyotis_lawsoniae
Hedyotis_quinquenervia
Hedyotis_swertioides
Oldenlandia_nematocaulis
Oldenlandia_densiflora
Oldenlandia_taborensis
Oldenlandia_duemmeri
Oldenlandia_erecta
Oldenlandia_monanthos
Oldenlandia_wiedemannii
Oldenlandia_corymbosa
Oldenlandia_lancifolia
Oldenlandia_tenuis
Oldenlandia_geophila
Oldenlandia_echinulosa
Oldenlandia_nervosa
Oldenlandia_fastigiata
Oldenlandia_microtheca
Oldenlandia_affinis
Oldenlandia_stricta
Oldenlandia_rosulata
Oldenlandia_filicaulis
Oldenlandia_galioides
Oldenlandia_diffusa
Oldenlandia_stocksii
Oldenlandia_angustifolia
Oldenlandia_tenelliflora
Oldenlandia_pinifolia
Oldenlandia_mitrasacmoides_subsp._trachymenoides
Oldenlandia_vestita
Oldenlandia_hedyotidea
Dimetia_dianxiensis
Dimetia_ampliflora
Dimetia_scandens
Hedyotis_costata
Hedyotis_herbacea
Hedyotis_koana
Hedyotis_verticillata
Hedyotis_merguensis
Kadua_littoralis
Kadua_degeneri
Kadua_cordata
Kadua_parvula
Kadua_acuminata
Kadua_foggiana
Kadua_centranthoides
Neanotis_kwangtungensis
Neanotis_hirsuta
Neanotis_thwaitesiana
Neanotis_wightiana
Houstonia_longifolia
Houstonia_caerulea
Hedyotis_serpens
Dibrachionostylus_kaessneri
Hedythyrsus_spermacocinus
Phylohydrax_carnosa
Phylohydrax_madagascariensis
Manostachya_ternifolia
Amphiasma_merenskyanum
Amphiasma_benguellense
Amphiasma_luzuloides
Pentanopsis_fragrans
Agathisanthemum_bojeri
Agathisanthemum_globosum
Pentodon_pentandrus
Pentanisia_arenaria
Pentanisia_confertifolia
Pentanisia_veronicoides
Pentanisia_sykesii
Pentanisia_schweinfurthii
Pentanisia_angustifolia
Pentanisia_prunelloides
Pentanisia_gossweileri
Pentanisia_rubricaulis
Pentanisia_ouranogyne
Pentanisia_longituba
Pentanisia_longepedunculata
Paraknoxia_parviflora
Pentanisia_calcicola
Pentanisia_microphylla
Chlorochorion_foetidum
Chlorochorion_monticola
Otomeria_elatior
Otomeria_oculata
Otomeria_volubilis
Otomeria_guineensis
Pentas_zanzibarica
Pentas_micrantha
Pentas_lanceolata
Pentas_caffensis
Pentas_pubiflora
Pentas_suswaensis
Pentas_angustifolia
Pentas_glabrescens
Pentas_pauciflora
Pentas_arvensis
Pentas_purpurea
Phyllopentas_ulugurica
Phyllopentas_schumanniana
Phyllopentas_tenuis
Phyllopentas_mussaendoides
Phyllopentas_concinna
Phyllopentas_elata
Phyllopentas_schimperiana
Knoxia_manika
Knoxia_platycarpa
Knoxia_sumatrensis
Dirichletia_glaucescens
Carphalea_pubescens
Carphalea_obovata
Triainolepis_tomentella
Triainolepis_mandrarensis
Triainolepis_africana
Triainolepis_arcuata
Paratriaina_xerophila
Paracarphalea_pervilleana
Paracarphalea_kirondron
Paracarphalea_angulata
Carphalea_madagascariensis
Carphalea_cloiselii
Parapentas_silvatica
Parapentas_battiscombei
Chamaepentas_longituba
Chamaepentas_nobilis
Danais_xanthorrhoea
Danais_comorensis
Danais_fragrans
Schismatoclada_farahimpensis
Psychotria_conocarpa
Psychotria_schliebenii
Psychotria_holtzii
Psychotria_amboniana
Psychotria_pumila
Psychotria_leucopoda
Psychotria_diversinodula
Psychotria_cryptogrammata
Psychotria_pandurata
Psychotria_himanthophylla
Psychotria_lauracea
Psychotria_lokohensis
Psychotria_gossweileri
Psychotria_pachygrammata
Psychotria_faucicola
Psychotria_punctata
Psychotria_kirkii
Psychotria_polygrammata
Psychotria_flava
Psychotria_tenuifolia
Psychotria_grandis
Psychotria_monteverdensis
Psychotria_nervosa
Psychotria_horizontalis
Psychotria_carthagenensis
Psychotria_capensis
Psychotria_eminiana
Psychotria_lavanchiei
Psychotria_parkeri
Psychotria_megalocarpa
Psychotria_retusa
Psychotria_macrochlamys
Psychotria_simianensis
Psychotria_psychotrioides
Psychotria_mahonii
Psychotria_gabonica
Psychotria_asiatica
Psychotria_fractinervata
Psychotria_cephalophora
Psychotria_baviensis
Psychotria_camptopus
Psychotria_zombamontana
Psychotria_ficigemma
Psychotria_mapourioides
Psychotria_silhouettae
Psychotria_pervillei
Psychotria_comorensis
Psychotria_pyrrotricha
Psychotria_andapae
Psychotria_andevorantensis
Psychotria_ankafinensis
Psychotria_homolleae
Psychotria_taxifolia
Psychotria_lucidula
Psychotria_marojejensis
Psychotria_abrahamii
Psychotria_batopedina
Psychotria_perrieri
Psychotria_moratii
Psychotria_terniflora
Psychotria_borbonica
Psychotria_alaotra
Psychotria_labatii
Psychotria_scytophylla
Psychotria_armandii
Psychotria_menalohensis
Psychotria_obtusifolia
Psychotria_hanta
Psychotria_fissicorne
Psychotria_boiviniana
Psychotria_pulchristipula
Psychotria_ankarensis
Psychotria_antakaranensis
Psychotria_papanga
Psychotria_lantzii
Psychotria_gabriellae
Psychotria_frondosa
Psychotria_monanthos
Psychotria_nummularioides
Psychotria_wagapensis
Psychotria_baillonii
Psychotria_macroglossa
Psychotria_microglossa
Psychotria_brachylaena
Psychotria_calothyrsus
Psychotria_schlechteriana
Psychotria_goniocarpa
Psychotria_gneissica
Psychotria_saltiensis
Psychotria_baladensis
Psychotria_ammericola
Psychotria_faguetii
Psychotria_cardiochlamys
Psychotria_submontana
Psychotria_dallachiana
Psychotria_poliostemma
Psychotria_fitzalanii
Psychotria_loniceroides
Psychotria_trisulcata
Psychotria_poissoniana
Psychotria_leratii
Psychotria_nacdado
Psychotria_exilis
Psychotria_parvula
Psychotria_lorentzii
Psychotria_coelospermum
Psychotria_serpens
Psychotria_micrococca
Psychotria_declieuxioides
Psychotria_rupicola
Psychotria_comptonii
Psychotria_zeylanica
Psychotria_dalzellii
Psychotria_temehaniensis
Psychotria_ramuensis
Psychotria_micralabastra
Psychotria_mariniana
Psychotria_hawaiiensis
Psychotria_raivavaensis
Psychotria_insularum
Psychotria_pritchardii
Psychotria_milnei
Psychotria_hivaoana
Myrmecodia_tuberosa
Chassalia_magnifolia
Chassalia_bojeri
Chassalia_ternifolia
Chassalia_catati
Chassalia_cristata
Chassalia_curviflora
Chassalia_lanceolata
Chassalia_capitata
Chassalia_boryana
Chassalia_comorensis
Chassalia_corallioides
Chassalia_gaertneroides
Chassalia_bosseri
Chassalia_eurybotrya
Chassalia_umbraticola
Chassalia_kolly
Chassalia_vanderystii
Chassalia_zimmermannii
Chassalia_discolor
Chassalia_kenyensis
Chassalia_albiflora
Chassalia_parvifolia
Geophila_repens
Geophila_obvallata
Hymenocoleus_hirsutus
Carapichea_ipecacuanha
Rudgea_panurensis
Rudgea_loretensis
Rudgea_viburnoides
Rudgea_stipulacea
Palicourea_triphylla
Palicourea_nitidella
Palicourea_guianensis
Palicourea_quadrilateralis
Palicourea_croceoides
Palicourea_crocea
Psychotria_acuminata
Palicourea_alpina
Psychotria_borucana
Psychotria_lepiniana
Psychotria_carnea
Psychotria_archboldiana
Psychotria_samoana
Psychotria_forsteriana
Psychotria_aneityensis
Psychotria_leptothyrsa
Psychotria_lyciiflora
Psychotria_oleoides
Psychotria_collina
Notopleura_tapajozensis
Psychotria_deflexa
Psychotria_hispidula
Psychotria_racemosa
Psychotria_poeppigiana
Psychotria_stachyoides
Psychotria_pittieri
Psychotria_correae
Psychotria_solitudinum
Psychotria_torresiana
Psychotria_glomerulata
Gynochthodes_umbellata_subsp._umbellata
Morinda_umbellata_subsp._obovata
Morinda_umbellata_subsp._boninensis
Gynochthodes_parvifolia
Gynochthodes_cochinchinensis
Gynochthodes_villosa
Gynochthodes_officinalis
Gynochthodes_mollis
Gynochthodes_bucidifolia
Gynochthodes_candollei
Gynochthodes_umbellata
Gynochthodes_collina
Gynochthodes_glaucescens
Gynochthodes_deplanchei
Gynochthodes_jasminoides
Gynochthodes_canthoides
Gynochthodes_grayi
Gynochthodes_ammitia
Gynochthodes_retusa
Gynochthodes_coriacea
Gynochthodes_epiphytica
Gynochthodes_sessilis
Gynochthodes_kanalensis
Morinda_citrifolia
Morinda_latibracteata
Morinda_pedunculata
Morinda_coreia
Morinda_angustifolia
Morinda_lucida
Morinda_royoc
Morinda_pacifica
Morinda_titanophylla
Morinda_buchii
Morinda_morindoides
Morinda_longiflora
Gynochthodes_celebica
Damnacanthus_officinarum
Damnacanthus_labordei
Damnacanthus_giganteus
Damnacanthus_henryi
Damnacanthus_hainanensis
Mitchella_repens
Mitchella_undulata
Damnacanthus_macrophyllus
Damnacanthus_indicus
Damnacanthus_major
Gaertnera_phyllosepala
Gaertnera_vaginata
Gaertnera_bieleri
Pagamea_guianensis
Schradera_subandina
Prismatomeris_albidiflora
Prismatomeris_beccariana
Rennellia_elliptica
Craterispermum_laurinum
Craterispermum_longipedunculatum
Faramea_torquata
Faramea_occidentalis
Faramea_crassifolia
Faramea_multiflora
Faramea_trinervia
Coussarea_hydrangeifolia
Coussarea_macrophylla
Coussarea_ilheotica
Coccocypselum_guianense
Coccocypselum_condalia
Coccocypselum_hirsutum
Declieuxia_fruticosa
Declieuxia_cordigera
Cruckshanksia_hymenodon
Lasianthus_robinsonii
Lasianthus_curtisii
Lasianthus_lancifolius
Lasianthus_japonicus
Lasianthus_chinensis
Lasianthus_hookeri
Lasianthus_sikkimensis
Lasianthus_trichophlebus
Lasianthus_rhinocerotis
Lasianthus_sarmentosus
Lasianthus_japonicus_subsp._longicaudus
Lasianthus_cyanocarpus
Lasianthus_attenuatus
Lasianthus_hirsutus
Lasianthus_coffeoides
Lasianthus_fordii
Lasianthus_verticillatus
Lasianthus_strigosus
Lasianthus_scalaris
Lasianthus_ellipticus
Lasianthus_pilosus
Lasianthus_congesticymus
Lasianthus_ridleyi
Lasianthus_maingayi
Lasianthus_formosensis
Lasianthus_chrysoneurus
Lasianthus_kilimandscharicus
Lasianthus_cereiflorus
Lasianthus_pedunculatus
Lasianthus_batangensis
Lasianthus_lanceolatus
Pauridiantha_hirtella
Pauridiantha_pleiantha
Pauridiantha_floribunda
Pauridiantha_viridiflora
Pauridiantha_efferata
Pauridiantha_callicarpoides
Pauridiantha_liebrechtsiana
Pauridiantha_udzungwaensis
Pauridiantha_bridelioides
Pauridiantha_symplocoides
Pauridiantha_sylvicola
Pauridiantha_paucinervis
Pauridiantha_siderophila
Pauridiantha_canthiiflora
Pauridiantha_microphylla
Pauridiantha_schnellii
Pauridiantha_talbotii
Pauridiantha_afzelii
Raritebe_palicoureoides
Pentaloncha_humilis
Ophiorrhiza_rugosa
Ophiorrhiza_mungos
Ophiorrhiza_elmeri
Ophiorrhiza_japonica
Spiradiclis_bifida
Xanthophytum_capitellatum
Xanthophytum_borneense
Colletoecema_dewevrei
Colletoecema_magna
Luculia_intermedia
Luculia_pinceana
Luculia_gratissima
Luculia_grandifolia
Randia_fitzalani
Randia_ruiziana
Tocoyena_pittieri
Tocoyena_formosa
Randia_guerrerensis
Randia_thurberi
Randia_aculeata
Randia_carlosiana
Randia_armata
Rothmannia_hispida
Rothmannia_capensis
Rothmannia_daweishanensis
Randia_schumanniana
Genipa_americana
Tricalysia_junodii
Tricalysia_cacondensis
Tricalysia_verdcourtiana
Tricalysia_cryptocalyx
Tricalysia_semidecidua
Tricalysia_pallens
Tricalysia_perrieri_subsp._antsalovensis
Tricalysia_jasminiflora
Tricalysia_perrieri
Tricalysia_achoundongiana
Ramosmania_rodriguesii
Wendlandia_uvariifolia
Wendlandia_pingpienensis
Wendlandia_scabra
Wendlandia_speciosa
Wendlandia_arabica
Wendlandia_glabrata
Wendlandia_paniculata
Wendlandia_cavaleriei
Wendlandia_aberrans
Wendlandia_tinctoria_subsp._intermedia
Wendlandia_tinctoria
Wendlandia_formosana
Wendlandia_uvariifolia_subsp._uvariifolia
Wendlandia_uvariifolia_subsp._chinensis
Wendlandia_guangdongensis
Wendlandia_merrilliana
Wendlandia_subalpina
Wendlandia_ligustroides
Boholia_nematostylis
Pyrostria_media
Pyrostria_bibracteata
Pyrostria_hystrix
Ixora_magnifica
Ixora_gigantifolia
Ixora_longissima
Ixora_salicifolia
Ixora_coccinea
Ixora_leucocarpa
Ixora_fulgens
Ixora_palawaensis
Ixora_myriantha
Ixora_cumingiana
Ixora_javanica
Ixora_philippinensis
Ixora_macrophylla
Ixora_longistipula
Ixora_chinensis
Ixora_moorensis
Ixora_margaretae
Ixora_valetoniana
Ixora_nigricans
Ixora_parviflora
Ixora_borboniae
Ixora_trilocularis
Ixora_narcissodora
Ixora_tanzaniensis
Ixora_guineensis
Ixora_hippoperifera
Ixora_nematopoda
Ixora_brachypoda
Ixora_littoralis
Ixora_hookeri
Ixora_killipii
Ixora_ferrea
Ixora_brunonis
Ixora_finlaysoniana
Ixora_sp._CB-_2013
Ixora_angustilimba
Ixora_bartlingii
Ixora_bibracteata
Ixora_luzoniensis
Ixora_cordata
Ixora_novoguineensis
Mussaenda_kwangtungensis
Mussaenda_pubescens
Mussaenda_hainanensis
Mussaenda_antiloga
Mussaenda_breviloba
Mussaenda_hossei
Mussaenda_laxiflora
Mussaenda_mollissima
Mussaenda_chingii
Mussaenda_divaricata
Mussaenda_longipetala
Mussaenda_kwangsiensis
Mussaenda_frondosa
Mussaenda_hirsutula
Mussaenda_shikokiana
Mussaenda_treutleri
Mussaenda_lancipetala
Mussaenda_multinervis
Mussaenda_macrophylla
Mussaenda_erythrophylla
Mussaenda_arcuata
Mussaenda_simpliciloba
Mussaenda_hybrid_cultivar
Mussaenda_raiateensis
Mussaenda_scratchleyi
Aphaenandra_uniflora
Pseudomussaenda_flava
Schizomussaenda_dehiscens
Schizomussaenda_henryi
Heinsia_crinita
Sabicea_villosa
Sabicea_pyramidalis
Sabicea_chocoana
Sabicea_mattogrossensis
Sabicea_panamensis
Sabicea_aspera
Sabicea_capitellata
Sabicea_urniformis
Sabicea_pilosa
Sabicea_urceolata
Sabicea_tchapensis
Sabicea_pedicellata
Sabicea_duparquetiana
Sabicea_rosea
Sabicea_orientalis
Sabicea_bullata
Sabicea_johnstonii
Sabicea_calycina
Sabicea_mollis
Sabicea_brevipes
Sabicea_laxa
Sabicea_tayloriae
Sabicea_mexicana
Sabicea_venosa
Sabicea_acuminata
Sabicea_diversifolia
Sabicea_dewevrei
Sabicea_batesii
Sabicea_nobilis
Sabicea_segregata
Sabicea_floribunda
Sabicea_proselyta
Sabicea_vogelii
Sabicea_ferruginea
Sabicea_harleyae
Sabicea_ceylanica
Sabicea_xanthotricha
Sabicea_gilletii
Sabicea_sthenula
Sabicea_aurifodinae
Sabicea_medusula
Sabicea_urbaniana
Sabicea_hierniana
Sabicea_gigantostipula
Sabicea_becquetii
Sabicea_africana
Pseudosabicea_mildbraedii
Stipularia_elliptica
Stipularia_africana
Sipanea_biflora
Sipanea_stahelii
Sipanea_pratensis
Sipanea_hispida
Neobertiera_gracilis
Dendrosipanea_spigelioides
Ladenbergia_oblongifolia
Ladenbergia_carua
Ladenbergia_pavonii
Ladenbergia_macrocarpa
Ladenbergia_amazonensis
Remijia_pacimonica
Remijia_ulei
Remijia_chelomaphylla
Remijia_macronemia
Cinchona_mutisii
Cinchona_officinalis
Cinchona_pubescens
Cinchona_macrocalyx
Cinchona_calisaya
Joosia_aequatoria
Joosia_umbellifera
Guettarda_speciosa
Guettarda_ferruginea
Guettarda_uruguensis
Guettarda_boliviana
Guettarda_scabra
Guettarda_acreana
Antirhea_madagascariensis
Antirhea_megacarpa
Antirhea_chinensis
Timonius_korrensis
Timonius_subauritus
Timonius_mollis
Timonius_salsedoi
Timonius_timon
Guettarda_crispiflora
Allenanthus_hondurensis
Allenanthus_erythrocarpus
Gonzalagunia_dependens
Gonzalagunia_rosea
Gonzalagunia_cornifolia
Gonzalagunia_dicocca
Gonzalagunia_affinis
Arachnothryx_monteverdensis
Arachnothryx_chimboracensis
Arachnothryx_fosbergii
Arachnothryx_buddleioides
Arachnothryx_leucophylla_subsp._virgata
Arachnothryx_leucophylla
Rondeletia_alaternoides_subsp._alaternoides
Rondeletia_alaternoides_subsp._brachyloba
Rondeletia_pachyphylla
Rondeletia_pachyphylla_subsp._myrtilloides
Rondeletia_odorata
Rondeletia_barahonensis
Rondeletia_cincta
Rondeletia_intermixta_subsp._intermixta
Rondeletia_portoricensis
Rondeletia_inermis
Rondeletia_intermixta
Rondeletia_pilosa
Rondeletia_lomensis
Rondeletia_miraflorensis
Rondeletia_nipensis
Rondeletia_hameliifolia
Rondeletia_pitreana
Carissa_haematocarpa
Carissa_bispinosa
Carissa_bispinosa_subsp._bispinosa
Carissa_spinarum
Carissa_carandas
Carissa_ovata
Carissa_macrocarpa
Geniostoma_rupestre
Geniostoma_tinifolium
Gelsemium_rankinii
Gelsemium_sempervirens
Gelsemium_elegans
Mostuea_brunonis
Solanum_thelopodium
Solanum_enantiophyllanthum
Solanum_glaucophyllum
Solanum_luteoalbum
Solanum_betaceum
Solanum_diploconos
Solanum_graveolens
Solanum_alternatopinnatum
Solanum_bicorne
Solanum_refractum
Solanum_wendlandii
Solanum_allophyllum
Solanum_havanense
Solanum_argentinum
Solanum_pseudocapsicum
Solanum_rovirosanum
Solanum_diphyllum
Solanum_arboreum
Solanum_ochrophyllum
Solanum_aphyodendron
Solanum_capsicastrum
Solanum_delitescens
Solanum_clavatum
Solanum_rugosum
Solanum_umbellatum
Solanum_velutissimum
Solanum_conglobatum
Solanum_mauritianum
Solanum_granuloso-leprosum
Solanum_lepidotum
Solanum_armentalis
Solanum_celsum
Solanum_schlechtendalianum
Solanum_cordovense
Solanum_hirtellum
Solanum_abutiloides
Solanum_inelegans
Solanum_adscendens
Solanum_manabiense
Solanum_evolvuloides
Solanum_parcistrigosum
Solanum_turneroides
Solanum_pseudolulo
Solanum_hirtum
Solanum_pectinatum
Solanum_hyporhodium
Solanum_vestissimum
Solanum_uporo
Solanum_felinum
Solanum_candidum
Solanum_repandum
Solanum_lasiocarpum
Solanum_sessiliflorum
Solanum_palinacanthum
Solanum_mammosum
Solanum_incarceratum
Solanum_myriacanthum
Solanum_aculeatissimum
Solanum_viarum
Solanum_capsicoides
Solanum_acerifolium
Solanum_vaillantii
Solanum_wacketii
Solanum_atropurpureum
Solanum_tenuispinum
Solanum_platense
Solanum_sisymbriifolium
Solanum_hasslerianum
Solanum_mitlense
Solanum_lycocarpum
Solanum_fructo-tecto
Solanum_rostratum
Solanum_angustifolium
Solanum_davisense
Solanum_tribulosum
Solanum_johnstonii
Solanum_lumholtzianum
Solanum_coriaceum
Solanum_sendtnerianum
Solanum_urticans
Solanum_crinitum
Solanum_wrightii
Solanum_campechiense
Solanum_hieronymi
Solanum_euacanthum
Solanum_mortonii
Solanum_homalospermum
Solanum_elaeagnifolium
Solanum_tridynamum
Solanum_hindsianum
Solanum_eremophilum
Solanum_dennekense
Solanum_jubae
Solanum_cordatum
Solanum_pronum
Solanum_melastomoides
Solanum_anomalum
Solanum_pubescens
Solanum_somalense
Solanum_giganteum
Solanum_schumannianum
Solanum_goetzei
Solanum_schliebenii
Solanum_tettense
Solanum_kwebense
Solanum_aculeastrum
Solanum_thomsonii
Solanum_phoxocarpum
Solanum_bumeliifolium
Solanum_heinianum
Solanum_toliaraea
Solanum_mahoriense
Solanum_batoides
Solanum_pyracanthum
Solanum_myoxotrichum
Solanum_flagelliferum
Solanum_erythracanthum
Solanum_croatii
Solanum_camranhense
Solanum_nienkui
Solanum_barbisetum
Solanum_involucratum
Solanum_procumbens
Solanum_praetermissum
Solanum_heteropodium
Solanum_oedipus
Solanum_phlomoides
Solanum_diversiflorum
Solanum_chippendalei
Solanum_beaugleholei
Solanum_tudununggae
Solanum_vansittartense
Solanum_leopoldense
Solanum_carduiforme
Solanum_petraeum
Solanum_dioicum
Solanum_cunninghamii
Solanum_viridifolium
Solanum_macoorai
Solanum_dimorphispinum
Solanum_incompletum
Solanum_denseaculeatum
Solanum_missimense
Solanum_mitchellianum
Solanum_semiarmatum
Solanum_cookii
Solanum_rixosum
Solanum_dissectum
Solanum_stupefactum
Solanum_esuriale
Solanum_centrale
Solanum_argopetalum
Solanum_lythrocarpum
Solanum_papaverifolium
Solanum_sturtianum
Solanum_stenopterum
Solanum_pusillum
Solanum_dianthophorum
Solanum_quadriloculatum
Solanum_ellipticum
Solanum_prinophyllum
Solanum_campanulatum
Solanum_petrophilum
Solanum_cinereum
Solanum_anfractum
Solanum_turraeifolium
Solanum_curvicuspe
Solanum_brownii
Solanum_pancheri
Solanum_vaccinioides
Solanum_sandwicense
Solanum_rivicola
Solanum_borgmannii
Solanum_furfuraceum
Solanum_chenopodinum
Solanum_ferocissimum
Solanum_pungetium
Solanum_vicinum
Solanum_ditrichum
Solanum_discolor
Solanum_latens
Solanum_gympiense
Solanum_corifolium
Solanum_parvifolium
Solanum_dunalianum
Solanum_shirleyanum
Solanum_nobile
Solanum_neoanglicum
Solanum_innoxium
Solanum_johnsonianum
Solanum_stelligerum
Solanum_hapalum
Solanum_densevestitum
Solanum_nemophilum
Solanum_amblymerum
Solanum_limitare
Solanum_acanthodapis
Solanum_serpens
Solanum_inaequilaterum
Solanum_horridum
Solanum_oligandrum
Solanum_cleistogamum
Solanum_lucani
Solanum_echinatum
Solanum_pugiunculiferum
Solanum_oligacanthum
Solanum_schefferi
Solanum_tetrathecum
Solanum_nummularium
Solanum_orbiculatum
Solanum_oldfieldii
Solanum_lasiophyllum
Solanum_gabrielae
Solanum_coactiliferum
Solanum_leptacanthum
Solanum_sejunctum
Solanum_asymmetriphyllum
Solanum_nigriviolaceum
Solanum_undatum
Solanum_ovigerum
Solanum_cumingii
Solanum_melongena
Solanum_campylacanthum
Solanum_panduriforme
Solanum_incanum
Solanum_aureitomentosum
Solanum_lichtensteinii
Solanum_linnaeanum
Solanum_supinum
Solanum_violaceum
Solanum_dasyphyllum
Solanum_macrocarpon
Solanum_glabratum
Solanum_humile
Solanum_capense
Solanum_anguivi
Solanum_aethiopicum
Solanum_cyaneopurpureum
Solanum_burchellii
Solanum_platacanthum
Solanum_trilobatum
Solanum_usaramense
Solanum_stipitatostellatum
Solanum_burtt-davyi
Solanum_richardii
Solanum_zanzibarense
Solanum_sessilistellatum
Solanum_cerasiferum
Solanum_agnewiorum
Solanum_usambarense
Solanum_lanzae
Solanum_arundo
Solanum_polhillii
Solanum_deflexicarpum
Solanum_kurzii
Solanum_multiflorum
Solanum_hovei
Solanum_rigescentoides
Solanum_mauense
Solanum_catombelense
Solanum_setaceum
Solanum_hastifolium
Solanum_ruvu
Solanum_inaequiradians
Solanum_malindiense
Solanum_lamprocarpum
Solanum_tomentosum
Solanum_vespertilio
Solanum_lidii
Solanum_coagulans
Solanum_schimperianum
Solanum_marginatum
Solanum_virginianum
Solanum_clarkiae
Solanum_hystrix
Solanum_hoplopetalum
Solanum_multispinum
Solanum_lanceifolium
Solanum_jamaicense
Solanum_tampicense
Solanum_arachnidanthum
Solanum_adhaerens
Solanum_aturense
Solanum_leucopogon
Solanum_pedemontanum
Solanum_monachophyllum
Solanum_asterophorum
Solanum_piluliferum
Solanum_perplexum
Solanum_dimidiatum
Solanum_donianum
Solanum_glutinosum
Solanum_bolivianum
Solanum_caricifolium
Solanum_acutilobum
Solanum_asteropilodes
Solanum_crinitipes
Solanum_bonariense
Solanum_paniculatum
Solanum_subumbellatum
Solanum_poinsettiifolium
Solanum_stellativelutinum
Solanum_asperolanatum
Solanum_comarapanum
Solanum_scuticum
Solanum_torvoideum
Solanum_poka
Solanum_dammerianum
Solanum_pseudosaponaceum
Solanum_peikuoense
Solanum_torvum
Solanum_lanceolatum
Solanum_rudepannum
Solanum_pluviale
Solanum_chrysotrichum
Solanum_albidum
Solanum_whalenii
Solanum_ursinum
Solanum_metrobotryon
Solanum_crotonoides
Solanum_reineckii
Solanum_moxosense
Solanum_comptum
Solanum_aridum
Solanum_conditum
Solanum_juvenale
Solanum_pumilum
Solanum_carolinense
Solanum_bahamense
Solanum_drymophilum
Solanum_buddleifolium
Solanum_thomasiifolium
Solanum_rupincola
Solanum_paraibanum
Solanum_robustum
Solanum_stagnale
Solanum_hexandrum
Solanum_megalonyx
Solanum_jabrense
Solanum_reflexiflorum
Solanum_decorum
Solanum_accrescens
Solanum_rhytidoandrum
Solanum_decompositiflorum
Solanum_paludosum
Solanum_absconditum
Solanum_stenandrum
Solanum_polytrichum
Solanum_tetramerum
Solanum_microphyllum
Solanum_schomburgkii
Solanum_gardneri
Solanum_talarense
Solanum_agrarium
Solanum_nemorense
Solanum_hoehnei
Solanum_anomalostemon
Solanum_mapiriense
Solanum_clandestinum
Solanum_pinnatum
Solanum_paposanum
Solanum_montanum
Solanum_multifidum
Solanum_laxum
Solanum_calileguae
Solanum_crispum
Solanum_amygdalifolium
Solanum_aligerum
Solanum_nitidum
Solanum_pubigerum
Solanum_seaforthianum
Solanum_lyratum
Solanum_dulcamara
Solanum_ipomoeoides
Solanum_tripartitum
Solanum_palitans
Solanum_corymbosum
Solanum_radicans
Solanum_echegarayi
Solanum_riojense
Solanum_opacum
Solanum_scabrum
Solanum_florulentum
Solanum_retroflexum
Solanum_hirtulum
Solanum_tarderemotum
Solanum_umalilaense
Solanum_glandulosipilosum
Solanum_nigrescens
Solanum_ptychanthum
Solanum_douglasii
Solanum_americanum
Solanum_aloysiifolium
Solanum_furcatum
Solanum_fragile
Solanum_gilioides
Solanum_weddellii
Solanum_pallidum
Solanum_gonocladum
Solanum_huayavillense
Solanum_sinuatiexcisum
Solanum_fiebrigii
Solanum_chenopodioides
Solanum_monarchostemon
Solanum_salicifolium
Solanum_physalifolium
Solanum_nitidibaccatum
Solanum_salamancae
Solanum_triflorum
Solanum_caesium
Solanum_valdiviense
Solanum_herculeum
Solanum_trisectum
Solanum_aviculare
Solanum_laciniatum
Solanum_symonii
Solanum_capsiciforme
Solanum_simile
Solanum_multivenosum
Solanum_linearifolium
Solanum_vescum
Solanum_nakurense
Solanum_terminale
Solanum_aggregatum
Solanum_oxycoccoides
Solanum_taeniotrichum
Solanum_sanctae-marthae
Solanum_canense
Solanum_caripense
Solanum_fraxinifolium
Solanum_suaveolens
Solanum_muricatum
Solanum_etuberosum
Solanum_ochranthum
Solanum_lycopersicoides
Solanum_sitiens
Solanum_peruvianum
Solanum_chilense
Solanum_habrochaites
Solanum_pennellii
Solanum_lycopersicum
Solanum_cheesmaniae
Solanum_galapagense
Solanum_pimpinellifolium
Solanum_chmielewskii
Solanum_neorickii
Solanum_juglandifolium
Solanum_brevicaule
Solanum_oplocense
Solanum_jamesii
Solanum_piurae
Solanum_pinnatisectum
Solanum_brevifolium
Solanum_complectens
Solanum_baretiae
Solanum_sodiroi
Solanum_appendiculatum
Solanum_limoncochaense
Solanum_ternatum
Solanum_incurvum
Solanum_trizygum
Solanum_mite
Solanum_conicum
Solanum_uleanum
Solanum_angustialatum
Solanum_chamaepolybotryon
Solanum_anceps
Solanum_dolichorhachis
Solanum_pacificum
Solanum_crassinervium
Solanum_loxophyllum
Solanum_evolvulifolium
Solanum_trifolium
Solanum_pentaphyllum
Solanum_phaseoloides
Nothapodytes_montana
Nothapodytes_nimmoniana
Nymphoides_humboldtiana
Nymphoides_fallax
Nymphoides_grayana
Nymphoides_brevipedicellata
Nymphoides_thunbergiana
Nymphoides_rautanenii
Nymphoides_cristata
Nymphoides_indica
Nymphoides_ezannoi
Nymphoides_cordata
Nymphoides_aquatica
Nymphoides_coreana
Nymphoides_quadriloba
Nymphoides_parvifolia
Nymphoides_furculifolia
Nymphoides_minima
Nymphoides_disperma
Nymphoides_beaglensis
Nymphoides_spinulosperma
Nymphoides_simulans
Nymphoides_spongiosa
Nymphoides_planosperma
Nymphoides_subacuta
Nymphoides_aurantiaca
Nymphoides_montana
Nymphoides_geminata
Nymphoides_triangularis
Nymphoides_elliptica
Nymphoides_exiliflora
Nymphoides_peltata
Nymphoides_crenata
Nymphoides_exigua
Villarsia_marchantii
Villarsia_calthifolia
Villarsia_albiflora
Villarsia_parnassiifolia
Villarsia_submersa
Villarsia_umbricola
Villarsia_reniformis
Villarsia_goldblattiana
Villarsia_manningiana
Villarsia_capensis
Villarsia_lasiosperma
Villarsia_violifolia
Villarsia_capitata
Villarsia_congestiflora
Villarsia_latifolia
Villarsia_exaltata
Villarsia_cambodiana
Nephrophyllidium_crista-galli
Nephrophyllidium_crista-galli_subsp._crista-galli
Menyanthes_trifoliata
Primula_kawasimae
Primula_sachalinensis
Primula_fauriei
Primula_farinosa
Primula_serrata
Primula_scotica
Primula_pinnata
Primula_scandinavica
Primula_mazurenkoae
Primula_egaliksensis
Primula_halleri
Primula_magellanica
Primula_mistassinica
Primula_stricta
Primula_incana
Primula_laurentiana
Primula_anvilensis
Primula_borealis
Primula_modesta
Primula_alcalina
Primula_specuicola
Primula_frondosa
Primula_prattii
Primula_pulchella
Primula_caveana
Primula_darialica
Primula_algida
Primula_longiscapa
Primula_capitellata
Primula_watsonii
Primula_deflexa
Primula_epilosa
Primula_pinnatifida
Primula_muscarioides
Primula_bellidifolia
Primula_aromatica
Primula_spicata
Primula_siamensis
Primula_primulina
Primula_pseudodenticulata
Primula_sertulum
Primula_caldaria
Primula_efarinosa
Primula_denticulata
Primula_fistulosa
Primula_pumilio
Primula_capitata
Primula_fasciculata
Primula_tibetica
Primula_nutans
Primula_pamirica
Primula_valentinae
Primula_munroi
Primula_involucrata
Primula_conspersa
Primula_zambalensis
Primula_gemmifera
Primula_alpicola
Primula_sikkimensis
Primula_reticulata
Primula_florindae
Primula_ioessa
Primula_souliei
Primula_blinii
Primula_bella
Primula_kialensis
Primula_membranifolia
Primula_yunnanensis
Primula_auriculata
Primula_warshenewskiana
Dionysia_robusta
Dionysia_gaubae
Dionysia_mozaffarianii
Dionysia_odora
Dionysia_lamingtonii
Dionysia_haussknechtii
Dionysia_sarvestanica
Dionysia_michauxii
Dionysia_diapensiifolia
Dionysia_khuzistanica
Dionysia_bryoides
Dionysia_caespitosa
Dionysia_iranica
Dionysia_termeana
Dionysia_iranshahrii
Dionysia_lurorum
Dionysia_archibaldii
Dionysia_esfandiarii
Dionysia_revoluta_subsp._revoluta
Dionysia_revoluta_subsp._canescens
Dionysia_rhaptodes
Dionysia_oreodoxa
Dionysia_curviflora
Dionysia_janthina
Dionysia_khatamii
Dionysia_leucotricha
Dionysia_teucrioides
Dionysia_tapetodes
Dionysia_aretioides
Dionysia_microphylla
Dionysia_involucrata
Dionysia_freitagii
Dionysia_viscidula
Dionysia_lindbergii
Dionysia_mira
Dionysia_denticulata
Dionysia_paradoxa
Dionysia_balsamea
Dionysia_hissarica
Primula_davisii
Primula_gaubaeana
Primula_floribunda
Primula_edelbergii
Primula_verticillata
Primula_veris_subsp._macrocalyx
Primula_elatior_subsp._pallasii
Primula_macrocalyx
Primula_veris_subsp._columnae
Primula_elatior_subsp._leucophylla
Primula_veris_subsp._canescens
Primula_veris_subsp._veris
Primula_elatior_subsp._intricata
Primula_veris
Primula_elatior_subsp._lofthousei
Primula_vulgaris_subsp._heterochroma
Primula_vulgaris_subsp._balearica
Primula_vulgaris
Primula_vulgaris_subsp._vulgaris
Primula_vulgaris_subsp._sibthorpii
Primula_ruprechtii
Primula_juliae
Primula_elatior_subsp._cordifolia
Primula_elatior_subsp._meyeri
Primula_elatior
Primula_poloninensis
Primula_pallasii
Primula_elatior_subsp._pseudoelatior
Primula_elatior_subsp._elatior
Primula_renifolia
Primula_megaseifolia
Primula_grandis
Primula_chrysochlora
Primula_smithiana
Primula_helodoxa
Primula_melanodonta
Primula_prenantha
Primula_serratifolia
Primula_secundiflora
Primula_wilsonii
Primula_miyabeana
Primula_anisodora
Primula_poissonii
Primula_beesiana_subsp._beesiana
Primula_bulleyana
Primula_japonica
Primula_beesiana
Primula_burmanica
Primula_mallophylla
Primula_aurantiaca
Primula_chungensis
Primula_pulverulenta
Primula_amethystina
Primula_amethystina_subsp._brevifolia
Primula_faberi
Primula_virginis
Primula_boreiocalliantha
Primula_calliantha
Primula_agleniana
Primula_tardiflora
Primula_ovalifolia
Primula_moupinensis
Primula_sonchifolia
Primula_calderiana
Primula_cockburniana
Primula_cicutariifolia
Primula_merrilliana
Primula_ranunculoides
Primula_chionantha_subsp._sinopurpurea
Primula_melanops
Primula_chionantha
Primula_chionantha_subsp._chionantha
Primula_turkestanica
Primula_nivalis
Primula_xanthobasis
Primula_maximowiczii
Primula_szechuanica
Primula_diantha
Primula_eximia
Primula_tschuktschorum
Primula_longipes
Primula_kaufmanniana
Primula_polyneura
Primula_botschantzevii
Primula_septemloba
Primula_jesoana
Primula_patens
Primula_saxatilis
Primula_tosaensis
Primula_reinii
Primula_cortusoides
Primula_geraniifolia
Primula_latisecta
Primula_palmata
Primula_heucherifolia
Primula_saturata
Primula_blattariformis
Primula_celsiiformis
Primula_malvacea
Primula_pycnoloba
Primula_mollis
Primula_sinomollis
Primula_chapaensis
Primula_oreodoxa
Primula_bracteata
Primula_forrestii
Primula_malacoides
Primula_duclouxii
Primula_dryadifolia_subsp._dryadifolia
Primula_dryadifolia
Primula_dryadifolia_subsp._jonardunii
Primula_obconica
Primula_obconica_subsp._obconica
Primula_obconica_subsp._fujianensis
Primula_obconica_subsp._begoniiformis
Primula_sinolisteri
Primula_rubifolia
Primula_obconica_subsp._werringtonensis
Primula_barbicalyx
Primula_hunanensis
Primula_kwangtungensis
Primula_kweichouensis
Primula_undulifolia
Primula_wangii
Primula_calyptrata
Primula_rugosa
Primula_partschiana
Primula_rupestris
Primula_sinensis
Primula_filchnerae
Primula_auricula_subsp._widmerae
Primula_auricula_subsp._auricula
Primula_auricula_subsp._tatriaca
Primula_recubariensis
Primula_albenensis
Primula_latifolia
Primula_allionii
Primula_carniolica
Primula_marginata
Primula_palinuri
Primula_balbisii_subsp._hungarica
Primula_balbisii_subsp._balbisii
Primula_auricula
Primula_villosa
Primula_apennina
Primula_cottia
Primula_pedemontana
Primula_daonensis
Primula_hirsuta
Primula_clusiana
Primula_kitaibeliana
Primula_integrifolia
Primula_tyrolensis
Primula_minima
Primula_wulfeniana
Primula_glutinosa
Primula_glaucescens
Primula_spectabilis
Primula_deorum
Primula_cusickiana_subsp._cusickiana
Primula_maguirei
Primula_cusickiana_subsp._domensis
Primula_cusickiana_subsp._nevadensis
Primula_capillaris
Primula_angustifolia
Primula_rusbyi
Primula_parryi
Primula_cuneifolia_subsp._heterodonta
Primula_cuneifolia_subsp._cuneifolia
Primula_cuneifolia_subsp._hakusanensis
Primula_cuneifolia_subsp._saxifragifolia
Primula_cuneifolia
Primula_meadia
Primula_fragrans
Primula_suffrutescens
Hottonia_inflata
Hottonia_palustris
Douglasia_gormanii
Douglasia_arctica
Douglasia_beringensis
Douglasia_ochotensis
Douglasia_nivalis
Douglasia_laevigata
Douglasia_montana
Douglasia_idahoensis
Douglasia_alaskana
Androsace_triflora
Androsace_adfinis_subsp._brigantiaca
Androsace_adfinis_subsp._puberula
Androsace_adfinis_subsp._adfinis
Androsace_cantabrica
Androsace_ciliata
Androsace_laggeri
Androsace_halleri
Androsace_pyrenaica
Androsace_rioxana
Androsace_hedraeantha
Androsace_chaixii
Androsace_helvetica
Androsace_pubescens
Androsace_alpina
Androsace_obtusifolia
Androsace_mathildae
Androsace_lactea
Androsace_cylindrica_subsp._hirtella
Androsace_cylindrica_subsp._willkommii
Androsace_cylindrica_subsp._cylindrica
Androsace_vandellii
Androsace_hausmannii
Androsace_brevis
Androsace_wulfeniana
Androsace_vitaliana
Androsace_elongata_subsp._breistrofferi
Androsace_elongata_subsp._elongata
Androsace_elongata
Androsace_occidentalis
Androsace_armeniaca
Androsace_raddeana
Androsace_albana
Androsace_septentrionalis_subsp._subulifera
Androsace_septentrionalis
Androsace_lactiflora
Androsace_bulleyana
Androsace_integra
Androsace_sublanata
Androsace_tapete
Androsace_mariae
Androsace_wardii
Androsace_strigillosa
Androsace_cuttingii
Androsace_bisulca
Androsace_limprichtii
Androsace_stenophylla
Androsace_chamaejasme
Androsace_chamaejasme_subsp._andersonii
Androsace_bungeana
Androsace_chamaejasme_subsp._lehmanniana
Androsace_zambalensis
Androsace_yargongensis
Androsace_minor
Androsace_squarrosula
Androsace_delavayi
Androsace_nortonii
Androsace_spinulifera
Androsace_globifera
Androsace_koso-poljanskii
Androsace_barbulata
Androsace_villosa
Androsace_hookeriana
Androsace_rigida
Androsace_ciliifolia
Androsace_erecta
Androsace_filiformis
Androsace_cuscutiformis
Androsace_elatior
Androsace_henryi
Androsace_paxiana
Androsace_axillaris
Androsace_maxima
Maesa_japonica
Maesa_indica
Maesa_permollis
Maesa_tenera
Maesa_salicifolia
Camellia_tunganica
Camellia_oligophlebia
Camellia_brevicolumna
Camellia_xifongensis
Camellia_paucipetala
Camellia_pitardii
Camellia_jinshajiangica
Camellia_tenuivalvis
Camellia_borealiyunnanica
Camellia_brachygyna
Camellia_reticulata
Camellia_omeiensis
Camellia_glabriperulata
Camellia_crassiphylla
Camellia_rhytidophylla
Camellia_tuberculata
Camellia_obovatifolia
Camellia_yuhsienensis
Camellia_mongshanica
Camellia_gauchowensis
Camellia_kissii
Camellia_hengchunensis
Camellia_vietnamensis
Camellia_meiocarpa
Camellia_crapnelliana
Camellia_hongkongensis
Camellia_parafurfuracea
Camellia_pubifurfuracea
Camellia_octopetala
Camellia_furfuracea
Camellia_transnokoensis
Camellia_transarisanensis
Camellia_wenshanensis
Camellia_subacutissima
Camellia_tsaii
Camellia_costei
Camellia_cuspidata
Camellia_fraterna
Camellia_lawii
Camellia_parvilimba
Camellia_cordifolia
Camellia_euryoides
Camellia_caudata
Camellia_salicifolia
Camellia_sasanqua
Camellia_forrestii
Camellia_amplexicaulis
Camellia_fusuiensis
Camellia_quinqueloculosa
Camellia_xiashiensis
Camellia_chrysanthoides
Camellia_micrantha
Camellia_parvipetala
Camellia_limonia
Camellia_leptopetala
Camellia_petelotii
Camellia_nitidissima
Camellia_liberofilamenta
Camellia_wumingensis
Camellia_indochinensis
Camellia_huana
Camellia_tianeensis
Camellia_pingguoensis
Camellia_crassicolumna
Camellia_tachangensis
Camellia_luteoflora
Camellia_chungkingensis
Camellia_rhytidocarpa
Camellia_acuticalyx
Camellia_pubipetala
Camellia_anlungensis
Camellia_pyxidiacea
Camellia_parvimuricata
Camellia_euphlebia
Camellia_fascicularis
Camellia_szechuanensis
Camellia_flava
Camellia_chuongtsoensis
Camellia_perpetua
Camellia_achrysantha
Camellia_piquetiana
Camellia_yunnanensis
Camellia_longgangensis
Camellia_grandis
Camellia_flavida
Camellia_impressinervis
Camellia_longzhouensis
Camellia_ptilosperma
Camellia_tamdaoensis
Camellia_brevistyla
Camellia_fluviatilis
Camellia_microphylla
Camellia_phaeoclada
Camellia_tonkinensis
Camellia_oleifera
Camellia_uraku
Camellia_japonica
Camellia_edithae
Camellia_japonica_subsp._rusticana
Camellia_azalea
Camellia_chekiangoleosa
Camellia_semiserrata
Camellia_multiperulata
Camellia_albogigas
Camellia_granthamiana
Camellia_bailinshanica
Camellia_hunanica
Camellia_lungshenensis
Camellia_oviformis
Camellia_saluenensis
Camellia_magniflora
Camellia_weiningensis
Camellia_delicata
Camellia_phellocapsa
Camellia_mairei
Camellia_villosa
Camellia_synaptica
Camellia_polyodonta
Camellia_grijsii
Camellia_subintegra
Camellia_longipedicellata
Camellia_gilbertii
Camellia_ptilophylla
Camellia_waldeniae
Camellia_angustifolia
Camellia_leptophylla
Camellia_lucidissima
Camellia_crassissima
Camellia_sinensis
Camellia_liberistamina
Camellia_grandibracteata
Camellia_atrothea
Camellia_kwangsiensis
Camellia_taliensis
Camellia_pachyandra
Gilia_brecciarum_subsp._neglecta
Gilia_latiflora
Gilia_austro-occidentalis
Gilia_brecciarum_subsp._brecciarum
Gilia_ochroleuca_subsp._exilis
Gilia_tenuiflora
Gilia_tweedyi
Gilia_aliquanta
Gilia_latiflora_subsp._elongata
Gilia_latiflora_subsp._latiflora
Gilia_leptantha_subsp._transversa
Gilia_leptantha
Gilia_latiflora_subsp._davyi
Gilia_sinuata
Gilia_leptantha_subsp._pinetorum
Gilia_inconspicua
Gilia_ochroleuca_subsp._bizonata
Gilia_ochroleuca_subsp._vivida
Gilia_mexicana
Gilia_clokeyi
Gilia_transmontana
Gilia_crassifolia
Gilia_salticola
Gilia_minor
Gilia_cana_subsp._triceps
Gilia_cana
Gilia_ophthalmoides_subsp._flavocincta
Gilia_diegensis
Gilia_brecciarum
Gilia_leptantha_subsp._leptantha
Gilia_scopulorum
Gilia_leptantha_subsp._purpusii
Gilia_stellata
Gilia_capitata_subsp._chamissonis
Gilia_capitata_subsp._staminea
Gilia_yorkii
Gilia_capitata_subsp._pedemontana
Gilia_capitata_subsp._mediomontana
Gilia_capitata_subsp._abrotanifolia
Gilia_capitata_subsp._pacifica
Gilia_capitata_subsp._capitata
Gilia_capitata_subsp._tomentosa
Gilia_tricolor_subsp._tricolor
Gilia_tricolor
Gilia_valdiviensis
Gilia_laciniata
Gilia_tricolor_subsp._diffusa
Gilia_clivorum
Gilia_millefoliata
Gilia_achilleifolia_subsp._multicaulis
Gilia_nevinii
Gilia_angelensis
Gilia_achilleifolia_subsp._achilleifolia
Gilia_achilleifolia
Gilia_capitata
Gilia_polyantha
Aliciella_leptomeria
Aliciella_monoensis
Aliciella_triodon
Aliciella_hutchinsifolia
Aliciella_heterostyla
Aliciella_nyensis
Aliciella_lottiae
Aliciella_micromeria
Aliciella_pinnatifida
Aliciella_stenothyrsa
Aliciella_mcvickerae
Aliciella_haydenii
Aliciella_formosa
Aliciella_caespitosa
Aliciella_tenuis
Aliciella_subnuda
Aliciella_ripleyi
Aliciella_latifolia
Aliciella_sedifolia
Kalmiopsis_fragrans
Kalmiopsis_leachiana
Epigaea_asiatica
Epigaea_repens
Lysinema_ciliatum
Plumbago_zeylanica
Plumbago_europaea
Dyerophytum_africanum
Plumbago_indica
Plumbago_auriculata
Ceratostigma_minus
Ceratostigma_ulicinum
Goniolimon_speciosum
Limoniastrum_monopetalum
Limoniastrum_guyonianum
Acantholimon_lycopodioides
Limonium_mouretii
Limonium_rumicifolium
Limonium_spectabile
Limonium_sinuatum
Limonium_latifolium
Limonium_grosii
Limonium_retusum
Limonium_wiedmannii
Limonium_stenophyllum
Limonium_tamarindanum
Limonium_pseudodictyocladum
Limonium_dragonericum
Limonium_muradense
Limonium_portopetranum
Limonium_pseudebusitanum
Limonium_artruchium
Limonium_pseudarticulatum
Limonium_carregadorense
Limonium_inexpectans
Limonium_bonafei
Limonium_dufourii
Limonium_scabrum
Limonium_saxicola
Limonium_camposanum
Limonium_alcudianum
Limonium_boirae
Limonium_gymnesicum
Limonium_bianorii
Limonium_heterospicatum
Limonium_migjornense
Limonium_antonii-llorensii
Limonium_biflorum
Limonium_ebusitanum
Limonium_fontqueri
Limonium_scorpioides
Limonium_marisolii
Limonium_minoricense
Limonium_virgatum
Limonium_minutum
Limonium_gibertii
Limonium_furfuraceum
Limonium_oblanceolatum
Limonium_barceloi
Limonium_rigualii
Limonium_thiniense
Limonium_cavanillesii
Limonium_companyonis
Limonium_caprariense
Limonium_balearicum
Limonium_echioides
Limonium_ejulabilis
Limonium_formenterae
Limonium_magallufianum
Limonium_delicatulum
Limonium_cossonianum
Limonium_leonardi-llorensii
Limonium_tenellum
Limonium_aureum
Limonium_sinense
Limonium_caesium
Limonium_dendroides
Limonium_axillare
Limonium_narbonense
Limonium_carolinianum
Limonium_vulgare
Limonium_humile
Armeria_maritima
Armeria_pubigera
Armeria_scabra
Armeria_pungens
Armeria_berlengensis
Armeria_welwitschii
Armeria_gaditana
Armeria_hirta
Armeria_rouyana
Armeria_velutina
Armeria_macrophylla
Armeria_bottendorfensis
Armeria_arenaria
Armeria_splendens
Fagopyrum_tataricum_subsp._potanini
Fagopyrum_lineare
Fagopyrum_callianthum
Fagopyrum_macrocarpum
Fagopyrum_pleioramosum
Fagopyrum_statice
Fagopyrum_capillatum
Fagopyrum_gilesii
Fagopyrum_rubifolium
Fagopyrum_esculentum
Fagopyrum_cymosum
Fagopyrum_wenchuanense
Fagopyrum_dibotrys
Fagopyrum_caudatum
Fagopyrum_tibeticum
Fagopyrum_leptopodum
Fagopyrum_gracilipes
Fagopyrum_crispatifolium
Polygonum_paniculatum
Persicaria_paniculata
Persicaria_angustifolia
Persicaria_virginiana
Persicaria_hydropiperoides
Persicaria_lapathifolia_subsp._lapathifolia
Persicaria_orientalis
Persicaria_pensylvanica
Persicaria_acuminata
Polygonum_delicatulum
Persicaria_maculosa
Persicaria_viscofera
Persicaria_bungeana
Persicaria_dubia
Persicaria_mitis
Persicaria_minor
Persicaria_decipiens
Persicaria_japonica
Persicaria_jucunda
Persicaria_tinctoria
Persicaria_longiseta
Persicaria_posumbu
Persicaria_pubescens
Persicaria_odorata
Persicaria_hydropiper
Persicaria_barbata
Persicaria_lapathifolia
Persicaria_amphibia
Persicaria_viscosa
Persicaria_meisneriana
Persicaria_thunbergii
Persicaria_hastatosagittata
Persicaria_sieboldii
Persicaria_maackiana
Persicaria_arifolia
Persicaria_dissitiflora
Polygonum_darrisii
Persicaria_senticosa
Persicaria_perfoliata
Persicaria_sagittata
Persicaria_microcephala
Persicaria_chinensis
Persicaria_nepalensis
Persicaria_sphaerocephala
Persicaria_glacialis
Persicaria_runcinata
Persicaria_capitata
Polygonum_filicaule
Polygonum_suffultum
Koenigia_islandica
Koenigia_hookeri
Polygonum_salicornioides
Polygonum_aridum
Polygonum_khajeh-jamali
Polygonum_dumosum
Polygonum_spinosum
Polygonum_botuliforme
Polygonum_plebeium
Polygonum_undulatum
Polygonum_alpestre
Polygonum_thymifolium
Polygonum_afghanicum
Polygonum_paronychioides
Polygonum_luzuloides
Polygonum_erectum
Polygonum_oxyspermum
Polygonum_arenastrum_subsp._arenastrum
Polygonum_arenastrum
Polygonum_rurivagum
Polygonum_aviculare
Polygonum_nesomii
Polygonum_delopyrum
Polygonum_polygamum
Ptychopetalum_petiolatum
Ptychopetalum_olacoides
Dulacia_candida
Dulacia_guianensis
Schoepfia_chinensis
Schoepfia_jasminodora
Schoepfia_vacciniflora
Schoepfia_obovata
Schoepfia_arenaria
Arjona_tuberosa
Quinchamalium_chilense
Eichhornia_azurea
Eichhornia_heterosperma
Eichhornia_diversifolia
Eichhornia_meyeri
Eichhornia_paradoxa
Eichhornia_paniculata
Eichhornia_crassipes
Pontederia_cordata
Pontederia_sagittata
Pontederia_rotundifolia
Anigozanthos_flavidus
Anigozanthos_kalbarriensis
Anigozanthos_hybrid_cultivar
Anigozanthos_viridis
Anigozanthos_bicolor
Anigozanthos_bicolor_subsp._bicolor
Anigozanthos_viridis_subsp._Cataby__S.D._Hopper_1786_
Anigozanthos_manglesii
Anigozanthos_humilis
Anigozanthos_preissii
Anigozanthos_onycis
Anigozanthos_gabrielae
Anigozanthos_rufus
Anigozanthos_pulcherrimus
Nivenia_stokoei
Narcissus_pseudonarcissus_subsp._nevadensis
Narcissus_longispathus
Narcissus_gaditanus
Narcissus_assoanus
Narcissus_cavanillesii
Narcissus_pseudonarcissus_subsp._leonensis
Narcissus_pseudonarcissus_subsp._nobilis
Narcissus_asturiensis
Narcissus_pseudonarcissus_subsp._pallidiflorus
Narcissus_bicolor
Narcissus_pseudonarcissus
Narcissus_pseudonarcissus_subsp._radinganorum
Narcissus_munozii-garmendiae
Narcissus_poeticus
Narcissus_poeticus_subsp._hellenicus
Narcissus_poeticus_subsp._radiiflorus
Narcissus_pseudonarcissus_subsp._moschatus
Narcissus_triandrus_subsp._triandrus
Narcissus_concolor
Narcissus_romieuxii
Narcissus_blancoi
Narcissus_hedraeanthus
Narcissus_obesus
Narcissus_bulbocodium_subsp._quintanilhae
Narcissus_graellsii
Narcissus_bulbocodium_subsp._validus
Narcissus_conspicuus
Narcissus_nivalis
Narcissus_gigas
Narcissus_bulbocodium
Narcissus_tortifolius
Narcissus_dubius
Narcissus_viridiflorus
Narcissus_fernandesii
Narcissus_jonquilla
Narcissus_rupicola
Narcissus_cuatrecasasii
Narcissus_rupicola_subsp._marvieri
Narcissus_albimarginatus
Narcissus_scaberulus
Narcissus_calcicola
Narcissus_tazetta
Narcissus_tazetta_subsp._aureus
Narcissus_elegans
Narcissus_serotinus
Narcissus_tazetta_subsp._italicus
Narcissus_broussonetii
Narcissus_papyraceus_subsp._panizzianus
Narcissus_papyraceus
Narcissus_papyraceus_subsp._papyraceus
Narcissus_papyraceus_subsp._pachybolbus
Chlorogalum_pomeridianum
